state_id,real_weight_decimal,integer_weight_over_D,rational_weight_decimal,lhs_wM_decimal,rhs_1_plus_delta_w_decimal,ratio_lhs_over_rhs,passes
0,0.000000000000000000e+00,1,9.999999999999999547e-07,0.000000000000000000e+00,1.009999999999999859e-06,0.000000000000000000e+00,no
1,0.000000000000000000e+00,1,9.999999999999999547e-07,0.000000000000000000e+00,1.009999999999999859e-06,0.000000000000000000e+00,no
2,0.000000000000000000e+00,1,9.999999999999999547e-07,9.259259259259259350e-07,1.009999999999999859e-06,9.167583425009169229e-01,no
3,0.000000000000000000e+00,1,9.999999999999999547e-07,0.000000000000000000e+00,1.009999999999999859e-06,0.000000000000000000e+00,no
4,0.000000000000000000e+00,1,9.999999999999999547e-07,0.000000000000000000e+00,1.009999999999999859e-06,0.000000000000000000e+00,no
5,0.000000000000000000e+00,1,9.999999999999999547e-07,9.259259259259259350e-07,1.009999999999999859e-06,9.167583425009169229e-01,no
6,0.000000000000000000e+00,1,9.999999999999999547e-07,0.000000000000000000e+00,1.009999999999999859e-06,0.000000000000000000e+00,no
9,0.000000000000000000e+00,1,9.999999999999999547e-07,0.000000000000000000e+00,1.009999999999999859e-06,0.000000000000000000e+00,no
10,0.000000000000000000e+00,1,9.999999999999999547e-07,0.000000000000000000e+00,1.009999999999999859e-06,0.000000000000000000e+00,no
11,0.000000000000000000e+00,1,9.999999999999999547e-07,9.259259259259259350e-07,1.009999999999999859e-06,9.167583425009169229e-01,no
12,0.000000000000000000e+00,1,9.999999999999999547e-07,0.000000000000000000e+00,1.009999999999999859e-06,0.000000000000000000e+00,no
13,0.000000000000000000e+00,1,9.999999999999999547e-07,0.000000000000000000e+00,1.009999999999999859e-06,0.000000000000000000e+00,no
14,0.000000000000000000e+00,1,9.999999999999999547e-07,9.259259259259259350e-07,1.009999999999999859e-06,9.167583425009169229e-01,no
16,0.000000000000000000e+00,1,9.999999999999999547e-07,0.000000000000000000e+00,1.009999999999999859e-06,0.000000000000000000e+00,no
18,0.000000000000000000e+00,1,9.999999999999999547e-07,0.000000000000000000e+00,1.009999999999999859e-06,0.000000000000000000e+00,no
19,0.000000000000000000e+00,1,9.999999999999999547e-07,0.000000000000000000e+00,1.009999999999999859e-06,0.000000000000000000e+00,no
20,0.000000000000000000e+00,1,9.999999999999999547e-07,9.259259259259259350e-07,1.009999999999999859e-06,9.167583425009169229e-01,no
21,0.000000000000000000e+00,1,9.999999999999999547e-07,0.000000000000000000e+00,1.009999999999999859e-06,0.000000000000000000e+00,no
22,0.000000000000000000e+00,1,9.999999999999999547e-07,0.000000000000000000e+00,1.009999999999999859e-06,0.000000000000000000e+00,no
23,0.000000000000000000e+00,1,9.999999999999999547e-07,9.259259259259259350e-07,1.009999999999999859e-06,9.167583425009169229e-01,no
24,0.000000000000000000e+00,1,9.999999999999999547e-07,0.000000000000000000e+00,1.009999999999999859e-06,0.000000000000000000e+00,no
25,0.000000000000000000e+00,1,9.999999999999999547e-07,0.000000000000000000e+00,1.009999999999999859e-06,0.000000000000000000e+00,no
27,0.000000000000000000e+00,1,9.999999999999999547e-07,0.000000000000000000e+00,1.009999999999999859e-06,0.000000000000000000e+00,no
28,0.000000000000000000e+00,1,9.999999999999999547e-07,0.000000000000000000e+00,1.009999999999999859e-06,0.000000000000000000e+00,no
29,0.000000000000000000e+00,1,9.999999999999999547e-07,9.259259259259259350e-07,1.009999999999999859e-06,9.167583425009169229e-01,no
30,0.000000000000000000e+00,1,9.999999999999999547e-07,0.000000000000000000e+00,1.009999999999999859e-06,0.000000000000000000e+00,no
31,0.000000000000000000e+00,1,9.999999999999999547e-07,0.000000000000000000e+00,1.009999999999999859e-06,0.000000000000000000e+00,no
32,0.000000000000000000e+00,1,9.999999999999999547e-07,9.259259259259259350e-07,1.009999999999999859e-06,9.167583425009169229e-01,no
36,0.000000000000000000e+00,1,9.999999999999999547e-07,0.000000000000000000e+00,1.009999999999999859e-06,0.000000000000000000e+00,no
37,0.000000000000000000e+00,1,9.999999999999999547e-07,0.000000000000000000e+00,1.009999999999999859e-06,0.000000000000000000e+00,no
38,0.000000000000000000e+00,1,9.999999999999999547e-07,9.259259259259259350e-07,1.009999999999999859e-06,9.167583425009169229e-01,no
39,0.000000000000000000e+00,1,9.999999999999999547e-07,0.000000000000000000e+00,1.009999999999999859e-06,0.000000000000000000e+00,no
40,0.000000000000000000e+00,1,9.999999999999999547e-07,0.000000000000000000e+00,1.009999999999999859e-06,0.000000000000000000e+00,no
41,0.000000000000000000e+00,1,9.999999999999999547e-07,9.259259259259259350e-07,1.009999999999999859e-06,9.167583425009169229e-01,no
42,0.000000000000000000e+00,1,9.999999999999999547e-07,0.000000000000000000e+00,1.009999999999999859e-06,0.000000000000000000e+00,no
45,0.000000000000000000e+00,1,9.999999999999999547e-07,0.000000000000000000e+00,1.009999999999999859e-06,0.000000000000000000e+00,no
46,0.000000000000000000e+00,1,9.999999999999999547e-07,0.000000000000000000e+00,1.009999999999999859e-06,0.000000000000000000e+00,no
47,0.000000000000000000e+00,1,9.999999999999999547e-07,9.259259259259259350e-07,1.009999999999999859e-06,9.167583425009169229e-01,no
48,0.000000000000000000e+00,1,9.999999999999999547e-07,0.000000000000000000e+00,1.009999999999999859e-06,0.000000000000000000e+00,no
49,0.000000000000000000e+00,1,9.999999999999999547e-07,0.000000000000000000e+00,1.009999999999999859e-06,0.000000000000000000e+00,no
50,0.000000000000000000e+00,1,9.999999999999999547e-07,9.259259259259259350e-07,1.009999999999999859e-06,9.167583425009169229e-01,no
52,0.000000000000000000e+00,1,9.999999999999999547e-07,0.000000000000000000e+00,1.009999999999999859e-06,0.000000000000000000e+00,no
54,0.000000000000000000e+00,1,9.999999999999999547e-07,0.000000000000000000e+00,1.009999999999999859e-06,0.000000000000000000e+00,no
55,0.000000000000000000e+00,1,9.999999999999999547e-07,0.000000000000000000e+00,1.009999999999999859e-06,0.000000000000000000e+00,no
56,0.000000000000000000e+00,1,9.999999999999999547e-07,9.259259259259259350e-07,1.009999999999999859e-06,9.167583425009169229e-01,no
57,0.000000000000000000e+00,1,9.999999999999999547e-07,0.000000000000000000e+00,1.009999999999999859e-06,0.000000000000000000e+00,no
58,0.000000000000000000e+00,1,9.999999999999999547e-07,0.000000000000000000e+00,1.009999999999999859e-06,0.000000000000000000e+00,no
59,0.000000000000000000e+00,1,9.999999999999999547e-07,9.259259259259259350e-07,1.009999999999999859e-06,9.167583425009169229e-01,no
60,0.000000000000000000e+00,1,9.999999999999999547e-07,0.000000000000000000e+00,1.009999999999999859e-06,0.000000000000000000e+00,no
61,0.000000000000000000e+00,1,9.999999999999999547e-07,0.000000000000000000e+00,1.009999999999999859e-06,0.000000000000000000e+00,no
63,0.000000000000000000e+00,1,9.999999999999999547e-07,0.000000000000000000e+00,1.009999999999999859e-06,0.000000000000000000e+00,no
64,0.000000000000000000e+00,1,9.999999999999999547e-07,0.000000000000000000e+00,1.009999999999999859e-06,0.000000000000000000e+00,no
65,0.000000000000000000e+00,1,9.999999999999999547e-07,9.259259259259259350e-07,1.009999999999999859e-06,9.167583425009169229e-01,no
66,0.000000000000000000e+00,1,9.999999999999999547e-07,0.000000000000000000e+00,1.009999999999999859e-06,0.000000000000000000e+00,no
67,0.000000000000000000e+00,1,9.999999999999999547e-07,0.000000000000000000e+00,1.009999999999999859e-06,0.000000000000000000e+00,no
68,0.000000000000000000e+00,1,9.999999999999999547e-07,9.259259259259259350e-07,1.009999999999999859e-06,9.167583425009169229e-01,no
72,0.000000000000000000e+00,1,9.999999999999999547e-07,0.000000000000000000e+00,1.009999999999999859e-06,0.000000000000000000e+00,no
73,0.000000000000000000e+00,1,9.999999999999999547e-07,0.000000000000000000e+00,1.009999999999999859e-06,0.000000000000000000e+00,no
74,0.000000000000000000e+00,1,9.999999999999999547e-07,9.259259259259259350e-07,1.009999999999999859e-06,9.167583425009169229e-01,no
75,0.000000000000000000e+00,1,9.999999999999999547e-07,0.000000000000000000e+00,1.009999999999999859e-06,0.000000000000000000e+00,no
76,0.000000000000000000e+00,1,9.999999999999999547e-07,0.000000000000000000e+00,1.009999999999999859e-06,0.000000000000000000e+00,no
77,0.000000000000000000e+00,1,9.999999999999999547e-07,9.259259259259259350e-07,1.009999999999999859e-06,9.167583425009169229e-01,no
78,0.000000000000000000e+00,1,9.999999999999999547e-07,0.000000000000000000e+00,1.009999999999999859e-06,0.000000000000000000e+00,no
81,0.000000000000000000e+00,1,9.999999999999999547e-07,0.000000000000000000e+00,1.009999999999999859e-06,0.000000000000000000e+00,no
82,0.000000000000000000e+00,1,9.999999999999999547e-07,0.000000000000000000e+00,1.009999999999999859e-06,0.000000000000000000e+00,no
83,0.000000000000000000e+00,1,9.999999999999999547e-07,9.259259259259259350e-07,1.009999999999999859e-06,9.167583425009169229e-01,no
84,0.000000000000000000e+00,1,9.999999999999999547e-07,0.000000000000000000e+00,1.009999999999999859e-06,0.000000000000000000e+00,no
85,0.000000000000000000e+00,1,9.999999999999999547e-07,0.000000000000000000e+00,1.009999999999999859e-06,0.000000000000000000e+00,no
86,0.000000000000000000e+00,1,9.999999999999999547e-07,9.259259259259259350e-07,1.009999999999999859e-06,9.167583425009169229e-01,no
88,0.000000000000000000e+00,1,9.999999999999999547e-07,0.000000000000000000e+00,1.009999999999999859e-06,0.000000000000000000e+00,no
90,0.000000000000000000e+00,1,9.999999999999999547e-07,0.000000000000000000e+00,1.009999999999999859e-06,0.000000000000000000e+00,no
91,0.000000000000000000e+00,1,9.999999999999999547e-07,0.000000000000000000e+00,1.009999999999999859e-06,0.000000000000000000e+00,no
92,0.000000000000000000e+00,1,9.999999999999999547e-07,9.259259259259259350e-07,1.009999999999999859e-06,9.167583425009169229e-01,no
93,0.000000000000000000e+00,1,9.999999999999999547e-07,0.000000000000000000e+00,1.009999999999999859e-06,0.000000000000000000e+00,no
94,0.000000000000000000e+00,1,9.999999999999999547e-07,0.000000000000000000e+00,1.009999999999999859e-06,0.000000000000000000e+00,no
95,0.000000000000000000e+00,1,9.999999999999999547e-07,9.259259259259259350e-07,1.009999999999999859e-06,9.167583425009169229e-01,no
96,0.000000000000000000e+00,1,9.999999999999999547e-07,0.000000000000000000e+00,1.009999999999999859e-06,0.000000000000000000e+00,no
97,0.000000000000000000e+00,1,9.999999999999999547e-07,0.000000000000000000e+00,1.009999999999999859e-06,0.000000000000000000e+00,no
99,0.000000000000000000e+00,1,9.999999999999999547e-07,0.000000000000000000e+00,1.009999999999999859e-06,0.000000000000000000e+00,no
100,0.000000000000000000e+00,1,9.999999999999999547e-07,0.000000000000000000e+00,1.009999999999999859e-06,0.000000000000000000e+00,no
101,0.000000000000000000e+00,1,9.999999999999999547e-07,9.259259259259259350e-07,1.009999999999999859e-06,9.167583425009169229e-01,no
102,0.000000000000000000e+00,1,9.999999999999999547e-07,0.000000000000000000e+00,1.009999999999999859e-06,0.000000000000000000e+00,no
103,0.000000000000000000e+00,1,9.999999999999999547e-07,0.000000000000000000e+00,1.009999999999999859e-06,0.000000000000000000e+00,no
104,0.000000000000000000e+00,1,9.999999999999999547e-07,9.259259259259259350e-07,1.009999999999999859e-06,9.167583425009169229e-01,no
108,0.000000000000000000e+00,1,9.999999999999999547e-07,0.000000000000000000e+00,1.009999999999999859e-06,0.000000000000000000e+00,no
109,0.000000000000000000e+00,1,9.999999999999999547e-07,0.000000000000000000e+00,1.009999999999999859e-06,0.000000000000000000e+00,no
110,0.000000000000000000e+00,1,9.999999999999999547e-07,9.259259259259259350e-07,1.009999999999999859e-06,9.167583425009169229e-01,no
111,0.000000000000000000e+00,1,9.999999999999999547e-07,0.000000000000000000e+00,1.009999999999999859e-06,0.000000000000000000e+00,no
112,0.000000000000000000e+00,1,9.999999999999999547e-07,0.000000000000000000e+00,1.009999999999999859e-06,0.000000000000000000e+00,no
113,0.000000000000000000e+00,1,9.999999999999999547e-07,9.259259259259259350e-07,1.009999999999999859e-06,9.167583425009169229e-01,no
114,0.000000000000000000e+00,1,9.999999999999999547e-07,0.000000000000000000e+00,1.009999999999999859e-06,0.000000000000000000e+00,no
117,0.000000000000000000e+00,1,9.999999999999999547e-07,0.000000000000000000e+00,1.009999999999999859e-06,0.000000000000000000e+00,no
118,0.000000000000000000e+00,1,9.999999999999999547e-07,0.000000000000000000e+00,1.009999999999999859e-06,0.000000000000000000e+00,no
119,0.000000000000000000e+00,1,9.999999999999999547e-07,9.259259259259259350e-07,1.009999999999999859e-06,9.167583425009169229e-01,no
120,0.000000000000000000e+00,1,9.999999999999999547e-07,0.000000000000000000e+00,1.009999999999999859e-06,0.000000000000000000e+00,no
121,0.000000000000000000e+00,1,9.999999999999999547e-07,0.000000000000000000e+00,1.009999999999999859e-06,0.000000000000000000e+00,no
122,0.000000000000000000e+00,1,9.999999999999999547e-07,9.259259259259259350e-07,1.009999999999999859e-06,9.167583425009169229e-01,no
124,0.000000000000000000e+00,1,9.999999999999999547e-07,0.000000000000000000e+00,1.009999999999999859e-06,0.000000000000000000e+00,no
126,0.000000000000000000e+00,1,9.999999999999999547e-07,0.000000000000000000e+00,1.009999999999999859e-06,0.000000000000000000e+00,no
127,0.000000000000000000e+00,1,9.999999999999999547e-07,0.000000000000000000e+00,1.009999999999999859e-06,0.000000000000000000e+00,no
128,0.000000000000000000e+00,1,9.999999999999999547e-07,9.259259259259259350e-07,1.009999999999999859e-06,9.167583425009169229e-01,no
129,0.000000000000000000e+00,1,9.999999999999999547e-07,0.000000000000000000e+00,1.009999999999999859e-06,0.000000000000000000e+00,no
130,0.000000000000000000e+00,1,9.999999999999999547e-07,0.000000000000000000e+00,1.009999999999999859e-06,0.000000000000000000e+00,no
131,0.000000000000000000e+00,1,9.999999999999999547e-07,9.259259259259259350e-07,1.009999999999999859e-06,9.167583425009169229e-01,no
132,0.000000000000000000e+00,1,9.999999999999999547e-07,0.000000000000000000e+00,1.009999999999999859e-06,0.000000000000000000e+00,no
133,0.000000000000000000e+00,1,9.999999999999999547e-07,0.000000000000000000e+00,1.009999999999999859e-06,0.000000000000000000e+00,no
135,0.000000000000000000e+00,1,9.999999999999999547e-07,0.000000000000000000e+00,1.009999999999999859e-06,0.000000000000000000e+00,no
136,0.000000000000000000e+00,1,9.999999999999999547e-07,0.000000000000000000e+00,1.009999999999999859e-06,0.000000000000000000e+00,no
137,0.000000000000000000e+00,1,9.999999999999999547e-07,9.259259259259259350e-07,1.009999999999999859e-06,9.167583425009169229e-01,no
138,0.000000000000000000e+00,1,9.999999999999999547e-07,0.000000000000000000e+00,1.009999999999999859e-06,0.000000000000000000e+00,no
139,0.000000000000000000e+00,1,9.999999999999999547e-07,0.000000000000000000e+00,1.009999999999999859e-06,0.000000000000000000e+00,no
140,0.000000000000000000e+00,1,9.999999999999999547e-07,9.259259259259259350e-07,1.009999999999999859e-06,9.167583425009169229e-01,no
144,0.000000000000000000e+00,1,9.999999999999999547e-07,0.000000000000000000e+00,1.009999999999999859e-06,0.000000000000000000e+00,no
145,0.000000000000000000e+00,1,9.999999999999999547e-07,0.000000000000000000e+00,1.009999999999999859e-06,0.000000000000000000e+00,no
146,0.000000000000000000e+00,1,9.999999999999999547e-07,9.259259259259259350e-07,1.009999999999999859e-06,9.167583425009169229e-01,no
147,0.000000000000000000e+00,1,9.999999999999999547e-07,0.000000000000000000e+00,1.009999999999999859e-06,0.000000000000000000e+00,no
148,0.000000000000000000e+00,1,9.999999999999999547e-07,0.000000000000000000e+00,1.009999999999999859e-06,0.000000000000000000e+00,no
149,0.000000000000000000e+00,1,9.999999999999999547e-07,9.259259259259259350e-07,1.009999999999999859e-06,9.167583425009169229e-01,no
150,0.000000000000000000e+00,1,9.999999999999999547e-07,0.000000000000000000e+00,1.009999999999999859e-06,0.000000000000000000e+00,no
153,0.000000000000000000e+00,1,9.999999999999999547e-07,0.000000000000000000e+00,1.009999999999999859e-06,0.000000000000000000e+00,no
154,0.000000000000000000e+00,1,9.999999999999999547e-07,0.000000000000000000e+00,1.009999999999999859e-06,0.000000000000000000e+00,no
155,0.000000000000000000e+00,1,9.999999999999999547e-07,9.259259259259259350e-07,1.009999999999999859e-06,9.167583425009169229e-01,no
156,0.000000000000000000e+00,1,9.999999999999999547e-07,0.000000000000000000e+00,1.009999999999999859e-06,0.000000000000000000e+00,no
157,0.000000000000000000e+00,1,9.999999999999999547e-07,0.000000000000000000e+00,1.009999999999999859e-06,0.000000000000000000e+00,no
158,0.000000000000000000e+00,1,9.999999999999999547e-07,9.259259259259259350e-07,1.009999999999999859e-06,9.167583425009169229e-01,no
160,0.000000000000000000e+00,1,9.999999999999999547e-07,0.000000000000000000e+00,1.009999999999999859e-06,0.000000000000000000e+00,no
162,0.000000000000000000e+00,1,9.999999999999999547e-07,0.000000000000000000e+00,1.009999999999999859e-06,0.000000000000000000e+00,no
163,0.000000000000000000e+00,1,9.999999999999999547e-07,0.000000000000000000e+00,1.009999999999999859e-06,0.000000000000000000e+00,no
164,0.000000000000000000e+00,1,9.999999999999999547e-07,9.259259259259259350e-07,1.009999999999999859e-06,9.167583425009169229e-01,no
165,0.000000000000000000e+00,1,9.999999999999999547e-07,0.000000000000000000e+00,1.009999999999999859e-06,0.000000000000000000e+00,no
166,0.000000000000000000e+00,1,9.999999999999999547e-07,0.000000000000000000e+00,1.009999999999999859e-06,0.000000000000000000e+00,no
167,0.000000000000000000e+00,1,9.999999999999999547e-07,9.259259259259259350e-07,1.009999999999999859e-06,9.167583425009169229e-01,no
168,0.000000000000000000e+00,1,9.999999999999999547e-07,0.000000000000000000e+00,1.009999999999999859e-06,0.000000000000000000e+00,no
169,0.000000000000000000e+00,1,9.999999999999999547e-07,0.000000000000000000e+00,1.009999999999999859e-06,0.000000000000000000e+00,no
171,0.000000000000000000e+00,1,9.999999999999999547e-07,0.000000000000000000e+00,1.009999999999999859e-06,0.000000000000000000e+00,no
172,0.000000000000000000e+00,1,9.999999999999999547e-07,0.000000000000000000e+00,1.009999999999999859e-06,0.000000000000000000e+00,no
173,0.000000000000000000e+00,1,9.999999999999999547e-07,9.259259259259259350e-07,1.009999999999999859e-06,9.167583425009169229e-01,no
174,0.000000000000000000e+00,1,9.999999999999999547e-07,0.000000000000000000e+00,1.009999999999999859e-06,0.000000000000000000e+00,no
175,0.000000000000000000e+00,1,9.999999999999999547e-07,0.000000000000000000e+00,1.009999999999999859e-06,0.000000000000000000e+00,no
176,0.000000000000000000e+00,1,9.999999999999999547e-07,9.259259259259259350e-07,1.009999999999999859e-06,9.167583425009169229e-01,no
180,0.000000000000000000e+00,1,9.999999999999999547e-07,0.000000000000000000e+00,1.009999999999999859e-06,0.000000000000000000e+00,no
181,0.000000000000000000e+00,1,9.999999999999999547e-07,0.000000000000000000e+00,1.009999999999999859e-06,0.000000000000000000e+00,no
182,0.000000000000000000e+00,1,9.999999999999999547e-07,9.259259259259259350e-07,1.009999999999999859e-06,9.167583425009169229e-01,no
183,0.000000000000000000e+00,1,9.999999999999999547e-07,0.000000000000000000e+00,1.009999999999999859e-06,0.000000000000000000e+00,no
184,0.000000000000000000e+00,1,9.999999999999999547e-07,0.000000000000000000e+00,1.009999999999999859e-06,0.000000000000000000e+00,no
185,0.000000000000000000e+00,1,9.999999999999999547e-07,9.259259259259259350e-07,1.009999999999999859e-06,9.167583425009169229e-01,no
186,0.000000000000000000e+00,1,9.999999999999999547e-07,0.000000000000000000e+00,1.009999999999999859e-06,0.000000000000000000e+00,no
189,0.000000000000000000e+00,1,9.999999999999999547e-07,0.000000000000000000e+00,1.009999999999999859e-06,0.000000000000000000e+00,no
190,0.000000000000000000e+00,1,9.999999999999999547e-07,0.000000000000000000e+00,1.009999999999999859e-06,0.000000000000000000e+00,no
191,0.000000000000000000e+00,1,9.999999999999999547e-07,9.259259259259259350e-07,1.009999999999999859e-06,9.167583425009169229e-01,no
192,0.000000000000000000e+00,1,9.999999999999999547e-07,0.000000000000000000e+00,1.009999999999999859e-06,0.000000000000000000e+00,no
193,0.000000000000000000e+00,1,9.999999999999999547e-07,0.000000000000000000e+00,1.009999999999999859e-06,0.000000000000000000e+00,no
194,0.000000000000000000e+00,1,9.999999999999999547e-07,9.259259259259259350e-07,1.009999999999999859e-06,9.167583425009169229e-01,no
196,0.000000000000000000e+00,1,9.999999999999999547e-07,0.000000000000000000e+00,1.009999999999999859e-06,0.000000000000000000e+00,no
198,0.000000000000000000e+00,1,9.999999999999999547e-07,0.000000000000000000e+00,1.009999999999999859e-06,0.000000000000000000e+00,no
199,0.000000000000000000e+00,1,9.999999999999999547e-07,0.000000000000000000e+00,1.009999999999999859e-06,0.000000000000000000e+00,no
200,0.000000000000000000e+00,1,9.999999999999999547e-07,9.259259259259259350e-07,1.009999999999999859e-06,9.167583425009169229e-01,no
201,0.000000000000000000e+00,1,9.999999999999999547e-07,0.000000000000000000e+00,1.009999999999999859e-06,0.000000000000000000e+00,no
202,0.000000000000000000e+00,1,9.999999999999999547e-07,0.000000000000000000e+00,1.009999999999999859e-06,0.000000000000000000e+00,no
203,0.000000000000000000e+00,1,9.999999999999999547e-07,9.259259259259259350e-07,1.009999999999999859e-06,9.167583425009169229e-01,no
204,0.000000000000000000e+00,1,9.999999999999999547e-07,0.000000000000000000e+00,1.009999999999999859e-06,0.000000000000000000e+00,no
205,0.000000000000000000e+00,1,9.999999999999999547e-07,0.000000000000000000e+00,1.009999999999999859e-06,0.000000000000000000e+00,no
207,0.000000000000000000e+00,1,9.999999999999999547e-07,0.000000000000000000e+00,1.009999999999999859e-06,0.000000000000000000e+00,no
208,0.000000000000000000e+00,1,9.999999999999999547e-07,0.000000000000000000e+00,1.009999999999999859e-06,0.000000000000000000e+00,no
209,0.000000000000000000e+00,1,9.999999999999999547e-07,9.259259259259259350e-07,1.009999999999999859e-06,9.167583425009169229e-01,no
210,0.000000000000000000e+00,1,9.999999999999999547e-07,0.000000000000000000e+00,1.009999999999999859e-06,0.000000000000000000e+00,no
211,0.000000000000000000e+00,1,9.999999999999999547e-07,0.000000000000000000e+00,1.009999999999999859e-06,0.000000000000000000e+00,no
212,0.000000000000000000e+00,1,9.999999999999999547e-07,9.259259259259259350e-07,1.009999999999999859e-06,9.167583425009169229e-01,no
216,0.000000000000000000e+00,1,9.999999999999999547e-07,0.000000000000000000e+00,1.009999999999999859e-06,0.000000000000000000e+00,no
217,0.000000000000000000e+00,1,9.999999999999999547e-07,0.000000000000000000e+00,1.009999999999999859e-06,0.000000000000000000e+00,no
218,0.000000000000000000e+00,1,9.999999999999999547e-07,9.259259259259259350e-07,1.009999999999999859e-06,9.167583425009169229e-01,no
219,0.000000000000000000e+00,1,9.999999999999999547e-07,0.000000000000000000e+00,1.009999999999999859e-06,0.000000000000000000e+00,no
220,0.000000000000000000e+00,1,9.999999999999999547e-07,0.000000000000000000e+00,1.009999999999999859e-06,0.000000000000000000e+00,no
221,0.000000000000000000e+00,1,9.999999999999999547e-07,9.259259259259259350e-07,1.009999999999999859e-06,9.167583425009169229e-01,no
222,0.000000000000000000e+00,1,9.999999999999999547e-07,0.000000000000000000e+00,1.009999999999999859e-06,0.000000000000000000e+00,no
225,0.000000000000000000e+00,1,9.999999999999999547e-07,0.000000000000000000e+00,1.009999999999999859e-06,0.000000000000000000e+00,no
226,0.000000000000000000e+00,1,9.999999999999999547e-07,0.000000000000000000e+00,1.009999999999999859e-06,0.000000000000000000e+00,no
227,0.000000000000000000e+00,1,9.999999999999999547e-07,9.259259259259259350e-07,1.009999999999999859e-06,9.167583425009169229e-01,no
228,0.000000000000000000e+00,1,9.999999999999999547e-07,0.000000000000000000e+00,1.009999999999999859e-06,0.000000000000000000e+00,no
229,0.000000000000000000e+00,1,9.999999999999999547e-07,0.000000000000000000e+00,1.009999999999999859e-06,0.000000000000000000e+00,no
230,0.000000000000000000e+00,1,9.999999999999999547e-07,9.259259259259259350e-07,1.009999999999999859e-06,9.167583425009169229e-01,no
232,0.000000000000000000e+00,1,9.999999999999999547e-07,0.000000000000000000e+00,1.009999999999999859e-06,0.000000000000000000e+00,no
234,0.000000000000000000e+00,1,9.999999999999999547e-07,0.000000000000000000e+00,1.009999999999999859e-06,0.000000000000000000e+00,no
235,0.000000000000000000e+00,1,9.999999999999999547e-07,0.000000000000000000e+00,1.009999999999999859e-06,0.000000000000000000e+00,no
236,0.000000000000000000e+00,1,9.999999999999999547e-07,9.259259259259259350e-07,1.009999999999999859e-06,9.167583425009169229e-01,no
237,0.000000000000000000e+00,1,9.999999999999999547e-07,0.000000000000000000e+00,1.009999999999999859e-06,0.000000000000000000e+00,no
238,0.000000000000000000e+00,1,9.999999999999999547e-07,0.000000000000000000e+00,1.009999999999999859e-06,0.000000000000000000e+00,no
239,0.000000000000000000e+00,1,9.999999999999999547e-07,9.259259259259259350e-07,1.009999999999999859e-06,9.167583425009169229e-01,no
240,0.000000000000000000e+00,1,9.999999999999999547e-07,0.000000000000000000e+00,1.009999999999999859e-06,0.000000000000000000e+00,no
241,0.000000000000000000e+00,1,9.999999999999999547e-07,0.000000000000000000e+00,1.009999999999999859e-06,0.000000000000000000e+00,no
243,0.000000000000000000e+00,1,9.999999999999999547e-07,0.000000000000000000e+00,1.009999999999999859e-06,0.000000000000000000e+00,no
244,0.000000000000000000e+00,1,9.999999999999999547e-07,0.000000000000000000e+00,1.009999999999999859e-06,0.000000000000000000e+00,no
245,0.000000000000000000e+00,1,9.999999999999999547e-07,9.259259259259259350e-07,1.009999999999999859e-06,9.167583425009169229e-01,no
246,0.000000000000000000e+00,1,9.999999999999999547e-07,0.000000000000000000e+00,1.009999999999999859e-06,0.000000000000000000e+00,no
247,0.000000000000000000e+00,1,9.999999999999999547e-07,0.000000000000000000e+00,1.009999999999999859e-06,0.000000000000000000e+00,no
248,0.000000000000000000e+00,1,9.999999999999999547e-07,9.259259259259259350e-07,1.009999999999999859e-06,9.167583425009169229e-01,no
250,0.000000000000000000e+00,1,9.999999999999999547e-07,0.000000000000000000e+00,1.009999999999999859e-06,0.000000000000000000e+00,no
252,0.000000000000000000e+00,1,9.999999999999999547e-07,0.000000000000000000e+00,1.009999999999999859e-06,0.000000000000000000e+00,no
253,0.000000000000000000e+00,1,9.999999999999999547e-07,0.000000000000000000e+00,1.009999999999999859e-06,0.000000000000000000e+00,no
254,0.000000000000000000e+00,1,9.999999999999999547e-07,9.259259259259259350e-07,1.009999999999999859e-06,9.167583425009169229e-01,no
255,0.000000000000000000e+00,1,9.999999999999999547e-07,0.000000000000000000e+00,1.009999999999999859e-06,0.000000000000000000e+00,no
256,0.000000000000000000e+00,1,9.999999999999999547e-07,0.000000000000000000e+00,1.009999999999999859e-06,0.000000000000000000e+00,no
257,0.000000000000000000e+00,1,9.999999999999999547e-07,9.259259259259259350e-07,1.009999999999999859e-06,9.167583425009169229e-01,no
258,0.000000000000000000e+00,1,9.999999999999999547e-07,0.000000000000000000e+00,1.009999999999999859e-06,0.000000000000000000e+00,no
261,0.000000000000000000e+00,1,9.999999999999999547e-07,0.000000000000000000e+00,1.009999999999999859e-06,0.000000000000000000e+00,no
262,0.000000000000000000e+00,1,9.999999999999999547e-07,0.000000000000000000e+00,1.009999999999999859e-06,0.000000000000000000e+00,no
263,0.000000000000000000e+00,1,9.999999999999999547e-07,9.259259259259259350e-07,1.009999999999999859e-06,9.167583425009169229e-01,no
264,0.000000000000000000e+00,1,9.999999999999999547e-07,0.000000000000000000e+00,1.009999999999999859e-06,0.000000000000000000e+00,no
265,0.000000000000000000e+00,1,9.999999999999999547e-07,0.000000000000000000e+00,1.009999999999999859e-06,0.000000000000000000e+00,no
266,0.000000000000000000e+00,1,9.999999999999999547e-07,9.259259259259259350e-07,1.009999999999999859e-06,9.167583425009169229e-01,no
268,0.000000000000000000e+00,1,9.999999999999999547e-07,0.000000000000000000e+00,1.009999999999999859e-06,0.000000000000000000e+00,no
270,0.000000000000000000e+00,1,9.999999999999999547e-07,0.000000000000000000e+00,1.009999999999999859e-06,0.000000000000000000e+00,no
271,0.000000000000000000e+00,1,9.999999999999999547e-07,0.000000000000000000e+00,1.009999999999999859e-06,0.000000000000000000e+00,no
272,0.000000000000000000e+00,1,9.999999999999999547e-07,9.259259259259259350e-07,1.009999999999999859e-06,9.167583425009169229e-01,no
273,0.000000000000000000e+00,1,9.999999999999999547e-07,0.000000000000000000e+00,1.009999999999999859e-06,0.000000000000000000e+00,no
274,0.000000000000000000e+00,1,9.999999999999999547e-07,0.000000000000000000e+00,1.009999999999999859e-06,0.000000000000000000e+00,no
275,0.000000000000000000e+00,1,9.999999999999999547e-07,9.259259259259259350e-07,1.009999999999999859e-06,9.167583425009169229e-01,no
276,0.000000000000000000e+00,1,9.999999999999999547e-07,0.000000000000000000e+00,1.009999999999999859e-06,0.000000000000000000e+00,no
277,0.000000000000000000e+00,1,9.999999999999999547e-07,0.000000000000000000e+00,1.009999999999999859e-06,0.000000000000000000e+00,no
279,0.000000000000000000e+00,1,9.999999999999999547e-07,0.000000000000000000e+00,1.009999999999999859e-06,0.000000000000000000e+00,no
280,0.000000000000000000e+00,1,9.999999999999999547e-07,0.000000000000000000e+00,1.009999999999999859e-06,0.000000000000000000e+00,no
281,0.000000000000000000e+00,1,9.999999999999999547e-07,9.259259259259259350e-07,1.009999999999999859e-06,9.167583425009169229e-01,no
282,0.000000000000000000e+00,1,9.999999999999999547e-07,0.000000000000000000e+00,1.009999999999999859e-06,0.000000000000000000e+00,no
283,0.000000000000000000e+00,1,9.999999999999999547e-07,0.000000000000000000e+00,1.009999999999999859e-06,0.000000000000000000e+00,no
284,0.000000000000000000e+00,1,9.999999999999999547e-07,9.259259259259259350e-07,1.009999999999999859e-06,9.167583425009169229e-01,no
286,0.000000000000000000e+00,1,9.999999999999999547e-07,0.000000000000000000e+00,1.009999999999999859e-06,0.000000000000000000e+00,no
288,0.000000000000000000e+00,1,9.999999999999999547e-07,0.000000000000000000e+00,1.009999999999999859e-06,0.000000000000000000e+00,no
289,0.000000000000000000e+00,1,9.999999999999999547e-07,0.000000000000000000e+00,1.009999999999999859e-06,0.000000000000000000e+00,no
290,0.000000000000000000e+00,1,9.999999999999999547e-07,9.259259259259259350e-07,1.009999999999999859e-06,9.167583425009169229e-01,no
291,0.000000000000000000e+00,1,9.999999999999999547e-07,0.000000000000000000e+00,1.009999999999999859e-06,0.000000000000000000e+00,no
292,0.000000000000000000e+00,1,9.999999999999999547e-07,0.000000000000000000e+00,1.009999999999999859e-06,0.000000000000000000e+00,no
293,0.000000000000000000e+00,1,9.999999999999999547e-07,9.259259259259259350e-07,1.009999999999999859e-06,9.167583425009169229e-01,no
294,0.000000000000000000e+00,1,9.999999999999999547e-07,0.000000000000000000e+00,1.009999999999999859e-06,0.000000000000000000e+00,no
297,0.000000000000000000e+00,1,9.999999999999999547e-07,0.000000000000000000e+00,1.009999999999999859e-06,0.000000000000000000e+00,no
298,0.000000000000000000e+00,1,9.999999999999999547e-07,0.000000000000000000e+00,1.009999999999999859e-06,0.000000000000000000e+00,no
299,0.000000000000000000e+00,1,9.999999999999999547e-07,9.259259259259259350e-07,1.009999999999999859e-06,9.167583425009169229e-01,no
300,0.000000000000000000e+00,1,9.999999999999999547e-07,0.000000000000000000e+00,1.009999999999999859e-06,0.000000000000000000e+00,no
301,0.000000000000000000e+00,1,9.999999999999999547e-07,0.000000000000000000e+00,1.009999999999999859e-06,0.000000000000000000e+00,no
302,0.000000000000000000e+00,1,9.999999999999999547e-07,9.259259259259259350e-07,1.009999999999999859e-06,9.167583425009169229e-01,no
304,0.000000000000000000e+00,1,9.999999999999999547e-07,0.000000000000000000e+00,1.009999999999999859e-06,0.000000000000000000e+00,no
306,0.000000000000000000e+00,1,9.999999999999999547e-07,0.000000000000000000e+00,1.009999999999999859e-06,0.000000000000000000e+00,no
307,0.000000000000000000e+00,1,9.999999999999999547e-07,0.000000000000000000e+00,1.009999999999999859e-06,0.000000000000000000e+00,no
308,0.000000000000000000e+00,1,9.999999999999999547e-07,9.259259259259259350e-07,1.009999999999999859e-06,9.167583425009169229e-01,no
309,0.000000000000000000e+00,1,9.999999999999999547e-07,0.000000000000000000e+00,1.009999999999999859e-06,0.000000000000000000e+00,no
310,0.000000000000000000e+00,1,9.999999999999999547e-07,0.000000000000000000e+00,1.009999999999999859e-06,0.000000000000000000e+00,no
311,0.000000000000000000e+00,1,9.999999999999999547e-07,9.259259259259259350e-07,1.009999999999999859e-06,9.167583425009169229e-01,no
312,0.000000000000000000e+00,1,9.999999999999999547e-07,0.000000000000000000e+00,1.009999999999999859e-06,0.000000000000000000e+00,no
313,0.000000000000000000e+00,1,9.999999999999999547e-07,0.000000000000000000e+00,1.009999999999999859e-06,0.000000000000000000e+00,no
315,0.000000000000000000e+00,1,9.999999999999999547e-07,0.000000000000000000e+00,1.009999999999999859e-06,0.000000000000000000e+00,no
316,0.000000000000000000e+00,1,9.999999999999999547e-07,0.000000000000000000e+00,1.009999999999999859e-06,0.000000000000000000e+00,no
317,0.000000000000000000e+00,1,9.999999999999999547e-07,9.259259259259259350e-07,1.009999999999999859e-06,9.167583425009169229e-01,no
318,0.000000000000000000e+00,1,9.999999999999999547e-07,0.000000000000000000e+00,1.009999999999999859e-06,0.000000000000000000e+00,no
319,0.000000000000000000e+00,1,9.999999999999999547e-07,0.000000000000000000e+00,1.009999999999999859e-06,0.000000000000000000e+00,no
320,0.000000000000000000e+00,1,9.999999999999999547e-07,9.259259259259259350e-07,1.009999999999999859e-06,9.167583425009169229e-01,no
322,0.000000000000000000e+00,1,9.999999999999999547e-07,0.000000000000000000e+00,1.009999999999999859e-06,0.000000000000000000e+00,no
324,0.000000000000000000e+00,1,9.999999999999999547e-07,0.000000000000000000e+00,1.009999999999999859e-06,0.000000000000000000e+00,no
325,0.000000000000000000e+00,1,9.999999999999999547e-07,0.000000000000000000e+00,1.009999999999999859e-06,0.000000000000000000e+00,no
326,0.000000000000000000e+00,1,9.999999999999999547e-07,9.259259259259259350e-07,1.009999999999999859e-06,9.167583425009169229e-01,no
327,0.000000000000000000e+00,1,9.999999999999999547e-07,0.000000000000000000e+00,1.009999999999999859e-06,0.000000000000000000e+00,no
328,0.000000000000000000e+00,1,9.999999999999999547e-07,0.000000000000000000e+00,1.009999999999999859e-06,0.000000000000000000e+00,no
329,0.000000000000000000e+00,1,9.999999999999999547e-07,9.259259259259259350e-07,1.009999999999999859e-06,9.167583425009169229e-01,no
330,0.000000000000000000e+00,1,9.999999999999999547e-07,0.000000000000000000e+00,1.009999999999999859e-06,0.000000000000000000e+00,no
333,0.000000000000000000e+00,1,9.999999999999999547e-07,0.000000000000000000e+00,1.009999999999999859e-06,0.000000000000000000e+00,no
334,0.000000000000000000e+00,1,9.999999999999999547e-07,0.000000000000000000e+00,1.009999999999999859e-06,0.000000000000000000e+00,no
335,0.000000000000000000e+00,1,9.999999999999999547e-07,9.259259259259259350e-07,1.009999999999999859e-06,9.167583425009169229e-01,no
336,0.000000000000000000e+00,1,9.999999999999999547e-07,0.000000000000000000e+00,1.009999999999999859e-06,0.000000000000000000e+00,no
337,0.000000000000000000e+00,1,9.999999999999999547e-07,0.000000000000000000e+00,1.009999999999999859e-06,0.000000000000000000e+00,no
338,0.000000000000000000e+00,1,9.999999999999999547e-07,9.259259259259259350e-07,1.009999999999999859e-06,9.167583425009169229e-01,no
340,0.000000000000000000e+00,1,9.999999999999999547e-07,0.000000000000000000e+00,1.009999999999999859e-06,0.000000000000000000e+00,no
342,0.000000000000000000e+00,1,9.999999999999999547e-07,0.000000000000000000e+00,1.009999999999999859e-06,0.000000000000000000e+00,no
343,0.000000000000000000e+00,1,9.999999999999999547e-07,0.000000000000000000e+00,1.009999999999999859e-06,0.000000000000000000e+00,no
344,0.000000000000000000e+00,1,9.999999999999999547e-07,9.259259259259259350e-07,1.009999999999999859e-06,9.167583425009169229e-01,no
345,0.000000000000000000e+00,1,9.999999999999999547e-07,0.000000000000000000e+00,1.009999999999999859e-06,0.000000000000000000e+00,no
346,0.000000000000000000e+00,1,9.999999999999999547e-07,0.000000000000000000e+00,1.009999999999999859e-06,0.000000000000000000e+00,no
347,0.000000000000000000e+00,1,9.999999999999999547e-07,9.259259259259259350e-07,1.009999999999999859e-06,9.167583425009169229e-01,no
348,0.000000000000000000e+00,1,9.999999999999999547e-07,0.000000000000000000e+00,1.009999999999999859e-06,0.000000000000000000e+00,no
349,0.000000000000000000e+00,1,9.999999999999999547e-07,0.000000000000000000e+00,1.009999999999999859e-06,0.000000000000000000e+00,no
351,0.000000000000000000e+00,1,9.999999999999999547e-07,0.000000000000000000e+00,1.009999999999999859e-06,0.000000000000000000e+00,no
352,0.000000000000000000e+00,1,9.999999999999999547e-07,0.000000000000000000e+00,1.009999999999999859e-06,0.000000000000000000e+00,no
353,0.000000000000000000e+00,1,9.999999999999999547e-07,9.259259259259259350e-07,1.009999999999999859e-06,9.167583425009169229e-01,no
354,0.000000000000000000e+00,1,9.999999999999999547e-07,0.000000000000000000e+00,1.009999999999999859e-06,0.000000000000000000e+00,no
355,0.000000000000000000e+00,1,9.999999999999999547e-07,0.000000000000000000e+00,1.009999999999999859e-06,0.000000000000000000e+00,no
356,0.000000000000000000e+00,1,9.999999999999999547e-07,9.259259259259259350e-07,1.009999999999999859e-06,9.167583425009169229e-01,no
358,0.000000000000000000e+00,1,9.999999999999999547e-07,0.000000000000000000e+00,1.009999999999999859e-06,0.000000000000000000e+00,no
360,0.000000000000000000e+00,1,9.999999999999999547e-07,0.000000000000000000e+00,1.009999999999999859e-06,0.000000000000000000e+00,no
361,0.000000000000000000e+00,1,9.999999999999999547e-07,0.000000000000000000e+00,1.009999999999999859e-06,0.000000000000000000e+00,no
362,0.000000000000000000e+00,1,9.999999999999999547e-07,9.259259259259259350e-07,1.009999999999999859e-06,9.167583425009169229e-01,no
363,0.000000000000000000e+00,1,9.999999999999999547e-07,0.000000000000000000e+00,1.009999999999999859e-06,0.000000000000000000e+00,no
364,0.000000000000000000e+00,1,9.999999999999999547e-07,0.000000000000000000e+00,1.009999999999999859e-06,0.000000000000000000e+00,no
365,0.000000000000000000e+00,1,9.999999999999999547e-07,9.259259259259259350e-07,1.009999999999999859e-06,9.167583425009169229e-01,no
366,0.000000000000000000e+00,1,9.999999999999999547e-07,0.000000000000000000e+00,1.009999999999999859e-06,0.000000000000000000e+00,no
369,0.000000000000000000e+00,1,9.999999999999999547e-07,0.000000000000000000e+00,1.009999999999999859e-06,0.000000000000000000e+00,no
370,0.000000000000000000e+00,1,9.999999999999999547e-07,0.000000000000000000e+00,1.009999999999999859e-06,0.000000000000000000e+00,no
371,0.000000000000000000e+00,1,9.999999999999999547e-07,9.259259259259259350e-07,1.009999999999999859e-06,9.167583425009169229e-01,no
372,0.000000000000000000e+00,1,9.999999999999999547e-07,0.000000000000000000e+00,1.009999999999999859e-06,0.000000000000000000e+00,no
373,0.000000000000000000e+00,1,9.999999999999999547e-07,0.000000000000000000e+00,1.009999999999999859e-06,0.000000000000000000e+00,no
374,0.000000000000000000e+00,1,9.999999999999999547e-07,9.259259259259259350e-07,1.009999999999999859e-06,9.167583425009169229e-01,no
376,0.000000000000000000e+00,1,9.999999999999999547e-07,0.000000000000000000e+00,1.009999999999999859e-06,0.000000000000000000e+00,no
378,0.000000000000000000e+00,1,9.999999999999999547e-07,0.000000000000000000e+00,1.009999999999999859e-06,0.000000000000000000e+00,no
379,0.000000000000000000e+00,1,9.999999999999999547e-07,0.000000000000000000e+00,1.009999999999999859e-06,0.000000000000000000e+00,no
380,0.000000000000000000e+00,1,9.999999999999999547e-07,9.259259259259259350e-07,1.009999999999999859e-06,9.167583425009169229e-01,no
381,0.000000000000000000e+00,1,9.999999999999999547e-07,0.000000000000000000e+00,1.009999999999999859e-06,0.000000000000000000e+00,no
382,0.000000000000000000e+00,1,9.999999999999999547e-07,0.000000000000000000e+00,1.009999999999999859e-06,0.000000000000000000e+00,no
383,0.000000000000000000e+00,1,9.999999999999999547e-07,9.259259259259259350e-07,1.009999999999999859e-06,9.167583425009169229e-01,no
384,0.000000000000000000e+00,1,9.999999999999999547e-07,0.000000000000000000e+00,1.009999999999999859e-06,0.000000000000000000e+00,no
385,0.000000000000000000e+00,1,9.999999999999999547e-07,0.000000000000000000e+00,1.009999999999999859e-06,0.000000000000000000e+00,no
387,0.000000000000000000e+00,1,9.999999999999999547e-07,0.000000000000000000e+00,1.009999999999999859e-06,0.000000000000000000e+00,no
388,0.000000000000000000e+00,1,9.999999999999999547e-07,0.000000000000000000e+00,1.009999999999999859e-06,0.000000000000000000e+00,no
389,0.000000000000000000e+00,1,9.999999999999999547e-07,9.259259259259259350e-07,1.009999999999999859e-06,9.167583425009169229e-01,no
390,0.000000000000000000e+00,1,9.999999999999999547e-07,0.000000000000000000e+00,1.009999999999999859e-06,0.000000000000000000e+00,no
391,0.000000000000000000e+00,1,9.999999999999999547e-07,0.000000000000000000e+00,1.009999999999999859e-06,0.000000000000000000e+00,no
392,0.000000000000000000e+00,1,9.999999999999999547e-07,9.259259259259259350e-07,1.009999999999999859e-06,9.167583425009169229e-01,no
394,0.000000000000000000e+00,1,9.999999999999999547e-07,0.000000000000000000e+00,1.009999999999999859e-06,0.000000000000000000e+00,no
396,0.000000000000000000e+00,1,9.999999999999999547e-07,0.000000000000000000e+00,1.009999999999999859e-06,0.000000000000000000e+00,no
397,0.000000000000000000e+00,1,9.999999999999999547e-07,0.000000000000000000e+00,1.009999999999999859e-06,0.000000000000000000e+00,no
398,0.000000000000000000e+00,1,9.999999999999999547e-07,9.259259259259259350e-07,1.009999999999999859e-06,9.167583425009169229e-01,no
399,0.000000000000000000e+00,1,9.999999999999999547e-07,0.000000000000000000e+00,1.009999999999999859e-06,0.000000000000000000e+00,no
400,0.000000000000000000e+00,1,9.999999999999999547e-07,0.000000000000000000e+00,1.009999999999999859e-06,0.000000000000000000e+00,no
401,0.000000000000000000e+00,1,9.999999999999999547e-07,9.259259259259259350e-07,1.009999999999999859e-06,9.167583425009169229e-01,no
402,0.000000000000000000e+00,1,9.999999999999999547e-07,0.000000000000000000e+00,1.009999999999999859e-06,0.000000000000000000e+00,no
405,0.000000000000000000e+00,1,9.999999999999999547e-07,0.000000000000000000e+00,1.009999999999999859e-06,0.000000000000000000e+00,no
406,0.000000000000000000e+00,1,9.999999999999999547e-07,0.000000000000000000e+00,1.009999999999999859e-06,0.000000000000000000e+00,no
407,0.000000000000000000e+00,1,9.999999999999999547e-07,9.259259259259259350e-07,1.009999999999999859e-06,9.167583425009169229e-01,no
408,0.000000000000000000e+00,1,9.999999999999999547e-07,0.000000000000000000e+00,1.009999999999999859e-06,0.000000000000000000e+00,no
409,0.000000000000000000e+00,1,9.999999999999999547e-07,0.000000000000000000e+00,1.009999999999999859e-06,0.000000000000000000e+00,no
410,0.000000000000000000e+00,1,9.999999999999999547e-07,9.259259259259259350e-07,1.009999999999999859e-06,9.167583425009169229e-01,no
412,0.000000000000000000e+00,1,9.999999999999999547e-07,0.000000000000000000e+00,1.009999999999999859e-06,0.000000000000000000e+00,no
414,0.000000000000000000e+00,1,9.999999999999999547e-07,0.000000000000000000e+00,1.009999999999999859e-06,0.000000000000000000e+00,no
415,0.000000000000000000e+00,1,9.999999999999999547e-07,0.000000000000000000e+00,1.009999999999999859e-06,0.000000000000000000e+00,no
416,0.000000000000000000e+00,1,9.999999999999999547e-07,9.259259259259259350e-07,1.009999999999999859e-06,9.167583425009169229e-01,no
417,0.000000000000000000e+00,1,9.999999999999999547e-07,0.000000000000000000e+00,1.009999999999999859e-06,0.000000000000000000e+00,no
418,0.000000000000000000e+00,1,9.999999999999999547e-07,0.000000000000000000e+00,1.009999999999999859e-06,0.000000000000000000e+00,no
419,0.000000000000000000e+00,1,9.999999999999999547e-07,9.259259259259259350e-07,1.009999999999999859e-06,9.167583425009169229e-01,no
420,0.000000000000000000e+00,1,9.999999999999999547e-07,0.000000000000000000e+00,1.009999999999999859e-06,0.000000000000000000e+00,no
421,0.000000000000000000e+00,1,9.999999999999999547e-07,0.000000000000000000e+00,1.009999999999999859e-06,0.000000000000000000e+00,no
423,0.000000000000000000e+00,1,9.999999999999999547e-07,0.000000000000000000e+00,1.009999999999999859e-06,0.000000000000000000e+00,no
424,0.000000000000000000e+00,1,9.999999999999999547e-07,0.000000000000000000e+00,1.009999999999999859e-06,0.000000000000000000e+00,no
425,0.000000000000000000e+00,1,9.999999999999999547e-07,9.259259259259259350e-07,1.009999999999999859e-06,9.167583425009169229e-01,no
426,0.000000000000000000e+00,1,9.999999999999999547e-07,0.000000000000000000e+00,1.009999999999999859e-06,0.000000000000000000e+00,no
427,0.000000000000000000e+00,1,9.999999999999999547e-07,0.000000000000000000e+00,1.009999999999999859e-06,0.000000000000000000e+00,no
428,0.000000000000000000e+00,1,9.999999999999999547e-07,9.259259259259259350e-07,1.009999999999999859e-06,9.167583425009169229e-01,no
430,0.000000000000000000e+00,1,9.999999999999999547e-07,0.000000000000000000e+00,1.009999999999999859e-06,0.000000000000000000e+00,no
432,0.000000000000000000e+00,1,9.999999999999999547e-07,0.000000000000000000e+00,1.009999999999999859e-06,0.000000000000000000e+00,no
433,0.000000000000000000e+00,1,9.999999999999999547e-07,0.000000000000000000e+00,1.009999999999999859e-06,0.000000000000000000e+00,no
434,0.000000000000000000e+00,1,9.999999999999999547e-07,9.259259259259259350e-07,1.009999999999999859e-06,9.167583425009169229e-01,no
435,0.000000000000000000e+00,1,9.999999999999999547e-07,0.000000000000000000e+00,1.009999999999999859e-06,0.000000000000000000e+00,no
436,0.000000000000000000e+00,1,9.999999999999999547e-07,0.000000000000000000e+00,1.009999999999999859e-06,0.000000000000000000e+00,no
437,0.000000000000000000e+00,1,9.999999999999999547e-07,9.259259259259259350e-07,1.009999999999999859e-06,9.167583425009169229e-01,no
438,0.000000000000000000e+00,1,9.999999999999999547e-07,0.000000000000000000e+00,1.009999999999999859e-06,0.000000000000000000e+00,no
441,0.000000000000000000e+00,1,9.999999999999999547e-07,0.000000000000000000e+00,1.009999999999999859e-06,0.000000000000000000e+00,no
442,0.000000000000000000e+00,1,9.999999999999999547e-07,0.000000000000000000e+00,1.009999999999999859e-06,0.000000000000000000e+00,no
443,0.000000000000000000e+00,1,9.999999999999999547e-07,9.259259259259259350e-07,1.009999999999999859e-06,9.167583425009169229e-01,no
444,0.000000000000000000e+00,1,9.999999999999999547e-07,0.000000000000000000e+00,1.009999999999999859e-06,0.000000000000000000e+00,no
445,0.000000000000000000e+00,1,9.999999999999999547e-07,0.000000000000000000e+00,1.009999999999999859e-06,0.000000000000000000e+00,no
446,0.000000000000000000e+00,1,9.999999999999999547e-07,9.259259259259259350e-07,1.009999999999999859e-06,9.167583425009169229e-01,no
448,0.000000000000000000e+00,1,9.999999999999999547e-07,0.000000000000000000e+00,1.009999999999999859e-06,0.000000000000000000e+00,no
450,0.000000000000000000e+00,1,9.999999999999999547e-07,0.000000000000000000e+00,1.009999999999999859e-06,0.000000000000000000e+00,no
451,0.000000000000000000e+00,1,9.999999999999999547e-07,0.000000000000000000e+00,1.009999999999999859e-06,0.000000000000000000e+00,no
452,0.000000000000000000e+00,1,9.999999999999999547e-07,9.259259259259259350e-07,1.009999999999999859e-06,9.167583425009169229e-01,no
453,0.000000000000000000e+00,1,9.999999999999999547e-07,0.000000000000000000e+00,1.009999999999999859e-06,0.000000000000000000e+00,no
454,0.000000000000000000e+00,1,9.999999999999999547e-07,0.000000000000000000e+00,1.009999999999999859e-06,0.000000000000000000e+00,no
455,0.000000000000000000e+00,1,9.999999999999999547e-07,9.259259259259259350e-07,1.009999999999999859e-06,9.167583425009169229e-01,no
456,0.000000000000000000e+00,1,9.999999999999999547e-07,0.000000000000000000e+00,1.009999999999999859e-06,0.000000000000000000e+00,no
457,0.000000000000000000e+00,1,9.999999999999999547e-07,0.000000000000000000e+00,1.009999999999999859e-06,0.000000000000000000e+00,no
459,0.000000000000000000e+00,1,9.999999999999999547e-07,0.000000000000000000e+00,1.009999999999999859e-06,0.000000000000000000e+00,no
460,0.000000000000000000e+00,1,9.999999999999999547e-07,0.000000000000000000e+00,1.009999999999999859e-06,0.000000000000000000e+00,no
461,0.000000000000000000e+00,1,9.999999999999999547e-07,9.259259259259259350e-07,1.009999999999999859e-06,9.167583425009169229e-01,no
462,0.000000000000000000e+00,1,9.999999999999999547e-07,0.000000000000000000e+00,1.009999999999999859e-06,0.000000000000000000e+00,no
463,0.000000000000000000e+00,1,9.999999999999999547e-07,0.000000000000000000e+00,1.009999999999999859e-06,0.000000000000000000e+00,no
464,0.000000000000000000e+00,1,9.999999999999999547e-07,9.259259259259259350e-07,1.009999999999999859e-06,9.167583425009169229e-01,no
466,0.000000000000000000e+00,1,9.999999999999999547e-07,0.000000000000000000e+00,1.009999999999999859e-06,0.000000000000000000e+00,no
468,0.000000000000000000e+00,1,9.999999999999999547e-07,0.000000000000000000e+00,1.009999999999999859e-06,0.000000000000000000e+00,no
469,0.000000000000000000e+00,1,9.999999999999999547e-07,0.000000000000000000e+00,1.009999999999999859e-06,0.000000000000000000e+00,no
470,0.000000000000000000e+00,1,9.999999999999999547e-07,9.259259259259259350e-07,1.009999999999999859e-06,9.167583425009169229e-01,no
471,0.000000000000000000e+00,1,9.999999999999999547e-07,0.000000000000000000e+00,1.009999999999999859e-06,0.000000000000000000e+00,no
472,0.000000000000000000e+00,1,9.999999999999999547e-07,0.000000000000000000e+00,1.009999999999999859e-06,0.000000000000000000e+00,no
473,0.000000000000000000e+00,1,9.999999999999999547e-07,9.259259259259259350e-07,1.009999999999999859e-06,9.167583425009169229e-01,no
474,0.000000000000000000e+00,1,9.999999999999999547e-07,0.000000000000000000e+00,1.009999999999999859e-06,0.000000000000000000e+00,no
477,0.000000000000000000e+00,1,9.999999999999999547e-07,0.000000000000000000e+00,1.009999999999999859e-06,0.000000000000000000e+00,no
478,0.000000000000000000e+00,1,9.999999999999999547e-07,0.000000000000000000e+00,1.009999999999999859e-06,0.000000000000000000e+00,no
479,0.000000000000000000e+00,1,9.999999999999999547e-07,9.259259259259259350e-07,1.009999999999999859e-06,9.167583425009169229e-01,no
480,0.000000000000000000e+00,1,9.999999999999999547e-07,0.000000000000000000e+00,1.009999999999999859e-06,0.000000000000000000e+00,no
481,0.000000000000000000e+00,1,9.999999999999999547e-07,0.000000000000000000e+00,1.009999999999999859e-06,0.000000000000000000e+00,no
482,0.000000000000000000e+00,1,9.999999999999999547e-07,9.259259259259259350e-07,1.009999999999999859e-06,9.167583425009169229e-01,no
484,0.000000000000000000e+00,1,9.999999999999999547e-07,0.000000000000000000e+00,1.009999999999999859e-06,0.000000000000000000e+00,no
486,0.000000000000000000e+00,1,9.999999999999999547e-07,0.000000000000000000e+00,1.009999999999999859e-06,0.000000000000000000e+00,no
487,0.000000000000000000e+00,1,9.999999999999999547e-07,0.000000000000000000e+00,1.009999999999999859e-06,0.000000000000000000e+00,no
488,0.000000000000000000e+00,1,9.999999999999999547e-07,9.259259259259259350e-07,1.009999999999999859e-06,9.167583425009169229e-01,no
489,0.000000000000000000e+00,1,9.999999999999999547e-07,0.000000000000000000e+00,1.009999999999999859e-06,0.000000000000000000e+00,no
490,0.000000000000000000e+00,1,9.999999999999999547e-07,0.000000000000000000e+00,1.009999999999999859e-06,0.000000000000000000e+00,no
491,0.000000000000000000e+00,1,9.999999999999999547e-07,9.259259259259259350e-07,1.009999999999999859e-06,9.167583425009169229e-01,no
492,0.000000000000000000e+00,1,9.999999999999999547e-07,0.000000000000000000e+00,1.009999999999999859e-06,0.000000000000000000e+00,no
493,0.000000000000000000e+00,1,9.999999999999999547e-07,0.000000000000000000e+00,1.009999999999999859e-06,0.000000000000000000e+00,no
495,0.000000000000000000e+00,1,9.999999999999999547e-07,0.000000000000000000e+00,1.009999999999999859e-06,0.000000000000000000e+00,no
496,0.000000000000000000e+00,1,9.999999999999999547e-07,0.000000000000000000e+00,1.009999999999999859e-06,0.000000000000000000e+00,no
497,0.000000000000000000e+00,1,9.999999999999999547e-07,9.259259259259259350e-07,1.009999999999999859e-06,9.167583425009169229e-01,no
498,0.000000000000000000e+00,1,9.999999999999999547e-07,0.000000000000000000e+00,1.009999999999999859e-06,0.000000000000000000e+00,no
499,0.000000000000000000e+00,1,9.999999999999999547e-07,0.000000000000000000e+00,1.009999999999999859e-06,0.000000000000000000e+00,no
500,0.000000000000000000e+00,1,9.999999999999999547e-07,9.259259259259259350e-07,1.009999999999999859e-06,9.167583425009169229e-01,no
501,0.000000000000000000e+00,1,9.999999999999999547e-07,0.000000000000000000e+00,1.009999999999999859e-06,0.000000000000000000e+00,no
502,0.000000000000000000e+00,1,9.999999999999999547e-07,0.000000000000000000e+00,1.009999999999999859e-06,0.000000000000000000e+00,no
504,0.000000000000000000e+00,1,9.999999999999999547e-07,0.000000000000000000e+00,1.009999999999999859e-06,0.000000000000000000e+00,no
505,0.000000000000000000e+00,1,9.999999999999999547e-07,0.000000000000000000e+00,1.009999999999999859e-06,0.000000000000000000e+00,no
506,0.000000000000000000e+00,1,9.999999999999999547e-07,9.259259259259259350e-07,1.009999999999999859e-06,9.167583425009169229e-01,no
507,0.000000000000000000e+00,1,9.999999999999999547e-07,0.000000000000000000e+00,1.009999999999999859e-06,0.000000000000000000e+00,no
508,0.000000000000000000e+00,1,9.999999999999999547e-07,0.000000000000000000e+00,1.009999999999999859e-06,0.000000000000000000e+00,no
509,0.000000000000000000e+00,1,9.999999999999999547e-07,9.259259259259259350e-07,1.009999999999999859e-06,9.167583425009169229e-01,no
510,0.000000000000000000e+00,1,9.999999999999999547e-07,0.000000000000000000e+00,1.009999999999999859e-06,0.000000000000000000e+00,no
513,0.000000000000000000e+00,1,9.999999999999999547e-07,0.000000000000000000e+00,1.009999999999999859e-06,0.000000000000000000e+00,no
514,0.000000000000000000e+00,1,9.999999999999999547e-07,0.000000000000000000e+00,1.009999999999999859e-06,0.000000000000000000e+00,no
515,0.000000000000000000e+00,1,9.999999999999999547e-07,9.259259259259259350e-07,1.009999999999999859e-06,9.167583425009169229e-01,no
516,0.000000000000000000e+00,1,9.999999999999999547e-07,0.000000000000000000e+00,1.009999999999999859e-06,0.000000000000000000e+00,no
517,0.000000000000000000e+00,1,9.999999999999999547e-07,0.000000000000000000e+00,1.009999999999999859e-06,0.000000000000000000e+00,no
518,0.000000000000000000e+00,1,9.999999999999999547e-07,9.259259259259259350e-07,1.009999999999999859e-06,9.167583425009169229e-01,no
519,0.000000000000000000e+00,1,9.999999999999999547e-07,0.000000000000000000e+00,1.009999999999999859e-06,0.000000000000000000e+00,no
520,0.000000000000000000e+00,1,9.999999999999999547e-07,0.000000000000000000e+00,1.009999999999999859e-06,0.000000000000000000e+00,no
522,0.000000000000000000e+00,1,9.999999999999999547e-07,0.000000000000000000e+00,1.009999999999999859e-06,0.000000000000000000e+00,no
523,0.000000000000000000e+00,1,9.999999999999999547e-07,0.000000000000000000e+00,1.009999999999999859e-06,0.000000000000000000e+00,no
524,0.000000000000000000e+00,1,9.999999999999999547e-07,9.259259259259259350e-07,1.009999999999999859e-06,9.167583425009169229e-01,no
525,0.000000000000000000e+00,1,9.999999999999999547e-07,0.000000000000000000e+00,1.009999999999999859e-06,0.000000000000000000e+00,no
526,0.000000000000000000e+00,1,9.999999999999999547e-07,0.000000000000000000e+00,1.009999999999999859e-06,0.000000000000000000e+00,no
527,0.000000000000000000e+00,1,9.999999999999999547e-07,9.259259259259259350e-07,1.009999999999999859e-06,9.167583425009169229e-01,no
528,0.000000000000000000e+00,1,9.999999999999999547e-07,0.000000000000000000e+00,1.009999999999999859e-06,0.000000000000000000e+00,no
529,0.000000000000000000e+00,1,9.999999999999999547e-07,0.000000000000000000e+00,1.009999999999999859e-06,0.000000000000000000e+00,no
531,0.000000000000000000e+00,1,9.999999999999999547e-07,0.000000000000000000e+00,1.009999999999999859e-06,0.000000000000000000e+00,no
532,0.000000000000000000e+00,1,9.999999999999999547e-07,0.000000000000000000e+00,1.009999999999999859e-06,0.000000000000000000e+00,no
533,0.000000000000000000e+00,1,9.999999999999999547e-07,9.259259259259259350e-07,1.009999999999999859e-06,9.167583425009169229e-01,no
534,0.000000000000000000e+00,1,9.999999999999999547e-07,0.000000000000000000e+00,1.009999999999999859e-06,0.000000000000000000e+00,no
535,0.000000000000000000e+00,1,9.999999999999999547e-07,0.000000000000000000e+00,1.009999999999999859e-06,0.000000000000000000e+00,no
536,0.000000000000000000e+00,1,9.999999999999999547e-07,9.259259259259259350e-07,1.009999999999999859e-06,9.167583425009169229e-01,no
537,0.000000000000000000e+00,1,9.999999999999999547e-07,0.000000000000000000e+00,1.009999999999999859e-06,0.000000000000000000e+00,no
538,0.000000000000000000e+00,1,9.999999999999999547e-07,0.000000000000000000e+00,1.009999999999999859e-06,0.000000000000000000e+00,no
540,0.000000000000000000e+00,1,9.999999999999999547e-07,0.000000000000000000e+00,1.009999999999999859e-06,0.000000000000000000e+00,no
541,0.000000000000000000e+00,1,9.999999999999999547e-07,0.000000000000000000e+00,1.009999999999999859e-06,0.000000000000000000e+00,no
542,0.000000000000000000e+00,1,9.999999999999999547e-07,9.259259259259259350e-07,1.009999999999999859e-06,9.167583425009169229e-01,no
543,0.000000000000000000e+00,1,9.999999999999999547e-07,0.000000000000000000e+00,1.009999999999999859e-06,0.000000000000000000e+00,no
544,0.000000000000000000e+00,1,9.999999999999999547e-07,0.000000000000000000e+00,1.009999999999999859e-06,0.000000000000000000e+00,no
545,0.000000000000000000e+00,1,9.999999999999999547e-07,9.259259259259259350e-07,1.009999999999999859e-06,9.167583425009169229e-01,no
546,0.000000000000000000e+00,1,9.999999999999999547e-07,0.000000000000000000e+00,1.009999999999999859e-06,0.000000000000000000e+00,no
549,0.000000000000000000e+00,1,9.999999999999999547e-07,0.000000000000000000e+00,1.009999999999999859e-06,0.000000000000000000e+00,no
550,0.000000000000000000e+00,1,9.999999999999999547e-07,0.000000000000000000e+00,1.009999999999999859e-06,0.000000000000000000e+00,no
551,0.000000000000000000e+00,1,9.999999999999999547e-07,9.259259259259259350e-07,1.009999999999999859e-06,9.167583425009169229e-01,no
552,0.000000000000000000e+00,1,9.999999999999999547e-07,0.000000000000000000e+00,1.009999999999999859e-06,0.000000000000000000e+00,no
553,0.000000000000000000e+00,1,9.999999999999999547e-07,0.000000000000000000e+00,1.009999999999999859e-06,0.000000000000000000e+00,no
554,0.000000000000000000e+00,1,9.999999999999999547e-07,9.259259259259259350e-07,1.009999999999999859e-06,9.167583425009169229e-01,no
555,0.000000000000000000e+00,1,9.999999999999999547e-07,0.000000000000000000e+00,1.009999999999999859e-06,0.000000000000000000e+00,no
556,0.000000000000000000e+00,1,9.999999999999999547e-07,0.000000000000000000e+00,1.009999999999999859e-06,0.000000000000000000e+00,no
558,0.000000000000000000e+00,1,9.999999999999999547e-07,0.000000000000000000e+00,1.009999999999999859e-06,0.000000000000000000e+00,no
559,0.000000000000000000e+00,1,9.999999999999999547e-07,0.000000000000000000e+00,1.009999999999999859e-06,0.000000000000000000e+00,no
560,0.000000000000000000e+00,1,9.999999999999999547e-07,9.259259259259259350e-07,1.009999999999999859e-06,9.167583425009169229e-01,no
561,0.000000000000000000e+00,1,9.999999999999999547e-07,0.000000000000000000e+00,1.009999999999999859e-06,0.000000000000000000e+00,no
562,0.000000000000000000e+00,1,9.999999999999999547e-07,0.000000000000000000e+00,1.009999999999999859e-06,0.000000000000000000e+00,no
563,0.000000000000000000e+00,1,9.999999999999999547e-07,9.259259259259259350e-07,1.009999999999999859e-06,9.167583425009169229e-01,no
564,0.000000000000000000e+00,1,9.999999999999999547e-07,0.000000000000000000e+00,1.009999999999999859e-06,0.000000000000000000e+00,no
565,0.000000000000000000e+00,1,9.999999999999999547e-07,0.000000000000000000e+00,1.009999999999999859e-06,0.000000000000000000e+00,no
567,0.000000000000000000e+00,1,9.999999999999999547e-07,0.000000000000000000e+00,1.009999999999999859e-06,0.000000000000000000e+00,no
568,0.000000000000000000e+00,1,9.999999999999999547e-07,0.000000000000000000e+00,1.009999999999999859e-06,0.000000000000000000e+00,no
569,0.000000000000000000e+00,1,9.999999999999999547e-07,9.259259259259259350e-07,1.009999999999999859e-06,9.167583425009169229e-01,no
570,0.000000000000000000e+00,1,9.999999999999999547e-07,0.000000000000000000e+00,1.009999999999999859e-06,0.000000000000000000e+00,no
571,0.000000000000000000e+00,1,9.999999999999999547e-07,0.000000000000000000e+00,1.009999999999999859e-06,0.000000000000000000e+00,no
572,0.000000000000000000e+00,1,9.999999999999999547e-07,9.259259259259259350e-07,1.009999999999999859e-06,9.167583425009169229e-01,no
573,0.000000000000000000e+00,1,9.999999999999999547e-07,0.000000000000000000e+00,1.009999999999999859e-06,0.000000000000000000e+00,no
574,0.000000000000000000e+00,1,9.999999999999999547e-07,0.000000000000000000e+00,1.009999999999999859e-06,0.000000000000000000e+00,no
576,0.000000000000000000e+00,1,9.999999999999999547e-07,0.000000000000000000e+00,1.009999999999999859e-06,0.000000000000000000e+00,no
577,0.000000000000000000e+00,1,9.999999999999999547e-07,0.000000000000000000e+00,1.009999999999999859e-06,0.000000000000000000e+00,no
578,0.000000000000000000e+00,1,9.999999999999999547e-07,9.259259259259259350e-07,1.009999999999999859e-06,9.167583425009169229e-01,no
579,0.000000000000000000e+00,1,9.999999999999999547e-07,0.000000000000000000e+00,1.009999999999999859e-06,0.000000000000000000e+00,no
580,0.000000000000000000e+00,1,9.999999999999999547e-07,0.000000000000000000e+00,1.009999999999999859e-06,0.000000000000000000e+00,no
581,0.000000000000000000e+00,1,9.999999999999999547e-07,9.259259259259259350e-07,1.009999999999999859e-06,9.167583425009169229e-01,no
582,0.000000000000000000e+00,1,9.999999999999999547e-07,0.000000000000000000e+00,1.009999999999999859e-06,0.000000000000000000e+00,no
585,0.000000000000000000e+00,1,9.999999999999999547e-07,0.000000000000000000e+00,1.009999999999999859e-06,0.000000000000000000e+00,no
586,0.000000000000000000e+00,1,9.999999999999999547e-07,0.000000000000000000e+00,1.009999999999999859e-06,0.000000000000000000e+00,no
587,0.000000000000000000e+00,1,9.999999999999999547e-07,9.259259259259259350e-07,1.009999999999999859e-06,9.167583425009169229e-01,no
588,0.000000000000000000e+00,1,9.999999999999999547e-07,0.000000000000000000e+00,1.009999999999999859e-06,0.000000000000000000e+00,no
589,0.000000000000000000e+00,1,9.999999999999999547e-07,0.000000000000000000e+00,1.009999999999999859e-06,0.000000000000000000e+00,no
590,0.000000000000000000e+00,1,9.999999999999999547e-07,9.259259259259259350e-07,1.009999999999999859e-06,9.167583425009169229e-01,no
591,0.000000000000000000e+00,1,9.999999999999999547e-07,0.000000000000000000e+00,1.009999999999999859e-06,0.000000000000000000e+00,no
592,0.000000000000000000e+00,1,9.999999999999999547e-07,0.000000000000000000e+00,1.009999999999999859e-06,0.000000000000000000e+00,no
594,0.000000000000000000e+00,1,9.999999999999999547e-07,0.000000000000000000e+00,1.009999999999999859e-06,0.000000000000000000e+00,no
595,0.000000000000000000e+00,1,9.999999999999999547e-07,0.000000000000000000e+00,1.009999999999999859e-06,0.000000000000000000e+00,no
596,0.000000000000000000e+00,1,9.999999999999999547e-07,9.259259259259259350e-07,1.009999999999999859e-06,9.167583425009169229e-01,no
597,0.000000000000000000e+00,1,9.999999999999999547e-07,0.000000000000000000e+00,1.009999999999999859e-06,0.000000000000000000e+00,no
598,0.000000000000000000e+00,1,9.999999999999999547e-07,0.000000000000000000e+00,1.009999999999999859e-06,0.000000000000000000e+00,no
599,0.000000000000000000e+00,1,9.999999999999999547e-07,9.259259259259259350e-07,1.009999999999999859e-06,9.167583425009169229e-01,no
600,0.000000000000000000e+00,1,9.999999999999999547e-07,0.000000000000000000e+00,1.009999999999999859e-06,0.000000000000000000e+00,no
601,0.000000000000000000e+00,1,9.999999999999999547e-07,0.000000000000000000e+00,1.009999999999999859e-06,0.000000000000000000e+00,no
603,0.000000000000000000e+00,1,9.999999999999999547e-07,0.000000000000000000e+00,1.009999999999999859e-06,0.000000000000000000e+00,no
604,0.000000000000000000e+00,1,9.999999999999999547e-07,0.000000000000000000e+00,1.009999999999999859e-06,0.000000000000000000e+00,no
605,0.000000000000000000e+00,1,9.999999999999999547e-07,9.259259259259259350e-07,1.009999999999999859e-06,9.167583425009169229e-01,no
606,0.000000000000000000e+00,1,9.999999999999999547e-07,0.000000000000000000e+00,1.009999999999999859e-06,0.000000000000000000e+00,no
607,0.000000000000000000e+00,1,9.999999999999999547e-07,0.000000000000000000e+00,1.009999999999999859e-06,0.000000000000000000e+00,no
608,0.000000000000000000e+00,1,9.999999999999999547e-07,9.259259259259259350e-07,1.009999999999999859e-06,9.167583425009169229e-01,no
609,0.000000000000000000e+00,1,9.999999999999999547e-07,0.000000000000000000e+00,1.009999999999999859e-06,0.000000000000000000e+00,no
610,0.000000000000000000e+00,1,9.999999999999999547e-07,0.000000000000000000e+00,1.009999999999999859e-06,0.000000000000000000e+00,no
612,0.000000000000000000e+00,1,9.999999999999999547e-07,0.000000000000000000e+00,1.009999999999999859e-06,0.000000000000000000e+00,no
613,0.000000000000000000e+00,1,9.999999999999999547e-07,0.000000000000000000e+00,1.009999999999999859e-06,0.000000000000000000e+00,no
614,0.000000000000000000e+00,1,9.999999999999999547e-07,9.259259259259259350e-07,1.009999999999999859e-06,9.167583425009169229e-01,no
615,0.000000000000000000e+00,1,9.999999999999999547e-07,0.000000000000000000e+00,1.009999999999999859e-06,0.000000000000000000e+00,no
616,0.000000000000000000e+00,1,9.999999999999999547e-07,0.000000000000000000e+00,1.009999999999999859e-06,0.000000000000000000e+00,no
617,0.000000000000000000e+00,1,9.999999999999999547e-07,9.259259259259259350e-07,1.009999999999999859e-06,9.167583425009169229e-01,no
618,0.000000000000000000e+00,1,9.999999999999999547e-07,0.000000000000000000e+00,1.009999999999999859e-06,0.000000000000000000e+00,no
621,0.000000000000000000e+00,1,9.999999999999999547e-07,0.000000000000000000e+00,1.009999999999999859e-06,0.000000000000000000e+00,no
622,0.000000000000000000e+00,1,9.999999999999999547e-07,0.000000000000000000e+00,1.009999999999999859e-06,0.000000000000000000e+00,no
623,0.000000000000000000e+00,1,9.999999999999999547e-07,9.259259259259259350e-07,1.009999999999999859e-06,9.167583425009169229e-01,no
624,0.000000000000000000e+00,1,9.999999999999999547e-07,0.000000000000000000e+00,1.009999999999999859e-06,0.000000000000000000e+00,no
625,0.000000000000000000e+00,1,9.999999999999999547e-07,0.000000000000000000e+00,1.009999999999999859e-06,0.000000000000000000e+00,no
626,0.000000000000000000e+00,1,9.999999999999999547e-07,9.259259259259259350e-07,1.009999999999999859e-06,9.167583425009169229e-01,no
627,0.000000000000000000e+00,1,9.999999999999999547e-07,0.000000000000000000e+00,1.009999999999999859e-06,0.000000000000000000e+00,no
628,0.000000000000000000e+00,1,9.999999999999999547e-07,0.000000000000000000e+00,1.009999999999999859e-06,0.000000000000000000e+00,no
630,0.000000000000000000e+00,1,9.999999999999999547e-07,0.000000000000000000e+00,1.009999999999999859e-06,0.000000000000000000e+00,no
631,0.000000000000000000e+00,1,9.999999999999999547e-07,0.000000000000000000e+00,1.009999999999999859e-06,0.000000000000000000e+00,no
632,0.000000000000000000e+00,1,9.999999999999999547e-07,9.259259259259259350e-07,1.009999999999999859e-06,9.167583425009169229e-01,no
633,0.000000000000000000e+00,1,9.999999999999999547e-07,0.000000000000000000e+00,1.009999999999999859e-06,0.000000000000000000e+00,no
634,0.000000000000000000e+00,1,9.999999999999999547e-07,0.000000000000000000e+00,1.009999999999999859e-06,0.000000000000000000e+00,no
635,0.000000000000000000e+00,1,9.999999999999999547e-07,9.259259259259259350e-07,1.009999999999999859e-06,9.167583425009169229e-01,no
636,0.000000000000000000e+00,1,9.999999999999999547e-07,0.000000000000000000e+00,1.009999999999999859e-06,0.000000000000000000e+00,no
637,0.000000000000000000e+00,1,9.999999999999999547e-07,0.000000000000000000e+00,1.009999999999999859e-06,0.000000000000000000e+00,no
639,0.000000000000000000e+00,1,9.999999999999999547e-07,0.000000000000000000e+00,1.009999999999999859e-06,0.000000000000000000e+00,no
640,0.000000000000000000e+00,1,9.999999999999999547e-07,0.000000000000000000e+00,1.009999999999999859e-06,0.000000000000000000e+00,no
641,0.000000000000000000e+00,1,9.999999999999999547e-07,9.259259259259259350e-07,1.009999999999999859e-06,9.167583425009169229e-01,no
642,0.000000000000000000e+00,1,9.999999999999999547e-07,0.000000000000000000e+00,1.009999999999999859e-06,0.000000000000000000e+00,no
643,0.000000000000000000e+00,1,9.999999999999999547e-07,0.000000000000000000e+00,1.009999999999999859e-06,0.000000000000000000e+00,no
644,0.000000000000000000e+00,1,9.999999999999999547e-07,9.259259259259259350e-07,1.009999999999999859e-06,9.167583425009169229e-01,no
645,0.000000000000000000e+00,1,9.999999999999999547e-07,0.000000000000000000e+00,1.009999999999999859e-06,0.000000000000000000e+00,no
646,0.000000000000000000e+00,1,9.999999999999999547e-07,0.000000000000000000e+00,1.009999999999999859e-06,0.000000000000000000e+00,no
648,0.000000000000000000e+00,1,9.999999999999999547e-07,0.000000000000000000e+00,1.009999999999999859e-06,0.000000000000000000e+00,no
649,0.000000000000000000e+00,1,9.999999999999999547e-07,0.000000000000000000e+00,1.009999999999999859e-06,0.000000000000000000e+00,no
650,0.000000000000000000e+00,1,9.999999999999999547e-07,9.259259259259259350e-07,1.009999999999999859e-06,9.167583425009169229e-01,no
651,0.000000000000000000e+00,1,9.999999999999999547e-07,0.000000000000000000e+00,1.009999999999999859e-06,0.000000000000000000e+00,no
652,0.000000000000000000e+00,1,9.999999999999999547e-07,0.000000000000000000e+00,1.009999999999999859e-06,0.000000000000000000e+00,no
653,0.000000000000000000e+00,1,9.999999999999999547e-07,9.259259259259259350e-07,1.009999999999999859e-06,9.167583425009169229e-01,no
654,0.000000000000000000e+00,1,9.999999999999999547e-07,0.000000000000000000e+00,1.009999999999999859e-06,0.000000000000000000e+00,no
657,0.000000000000000000e+00,1,9.999999999999999547e-07,0.000000000000000000e+00,1.009999999999999859e-06,0.000000000000000000e+00,no
658,0.000000000000000000e+00,1,9.999999999999999547e-07,0.000000000000000000e+00,1.009999999999999859e-06,0.000000000000000000e+00,no
659,0.000000000000000000e+00,1,9.999999999999999547e-07,9.259259259259259350e-07,1.009999999999999859e-06,9.167583425009169229e-01,no
660,0.000000000000000000e+00,1,9.999999999999999547e-07,0.000000000000000000e+00,1.009999999999999859e-06,0.000000000000000000e+00,no
661,0.000000000000000000e+00,1,9.999999999999999547e-07,0.000000000000000000e+00,1.009999999999999859e-06,0.000000000000000000e+00,no
662,0.000000000000000000e+00,1,9.999999999999999547e-07,9.259259259259259350e-07,1.009999999999999859e-06,9.167583425009169229e-01,no
663,0.000000000000000000e+00,1,9.999999999999999547e-07,0.000000000000000000e+00,1.009999999999999859e-06,0.000000000000000000e+00,no
664,0.000000000000000000e+00,1,9.999999999999999547e-07,0.000000000000000000e+00,1.009999999999999859e-06,0.000000000000000000e+00,no
666,0.000000000000000000e+00,1,9.999999999999999547e-07,0.000000000000000000e+00,1.009999999999999859e-06,0.000000000000000000e+00,no
667,0.000000000000000000e+00,1,9.999999999999999547e-07,0.000000000000000000e+00,1.009999999999999859e-06,0.000000000000000000e+00,no
668,0.000000000000000000e+00,1,9.999999999999999547e-07,9.259259259259259350e-07,1.009999999999999859e-06,9.167583425009169229e-01,no
669,0.000000000000000000e+00,1,9.999999999999999547e-07,0.000000000000000000e+00,1.009999999999999859e-06,0.000000000000000000e+00,no
670,0.000000000000000000e+00,1,9.999999999999999547e-07,0.000000000000000000e+00,1.009999999999999859e-06,0.000000000000000000e+00,no
671,0.000000000000000000e+00,1,9.999999999999999547e-07,9.259259259259259350e-07,1.009999999999999859e-06,9.167583425009169229e-01,no
672,0.000000000000000000e+00,1,9.999999999999999547e-07,0.000000000000000000e+00,1.009999999999999859e-06,0.000000000000000000e+00,no
673,0.000000000000000000e+00,1,9.999999999999999547e-07,0.000000000000000000e+00,1.009999999999999859e-06,0.000000000000000000e+00,no
675,0.000000000000000000e+00,1,9.999999999999999547e-07,0.000000000000000000e+00,1.009999999999999859e-06,0.000000000000000000e+00,no
676,0.000000000000000000e+00,1,9.999999999999999547e-07,0.000000000000000000e+00,1.009999999999999859e-06,0.000000000000000000e+00,no
677,0.000000000000000000e+00,1,9.999999999999999547e-07,9.259259259259259350e-07,1.009999999999999859e-06,9.167583425009169229e-01,no
678,0.000000000000000000e+00,1,9.999999999999999547e-07,0.000000000000000000e+00,1.009999999999999859e-06,0.000000000000000000e+00,no
679,0.000000000000000000e+00,1,9.999999999999999547e-07,0.000000000000000000e+00,1.009999999999999859e-06,0.000000000000000000e+00,no
680,0.000000000000000000e+00,1,9.999999999999999547e-07,9.259259259259259350e-07,1.009999999999999859e-06,9.167583425009169229e-01,no
681,0.000000000000000000e+00,1,9.999999999999999547e-07,0.000000000000000000e+00,1.009999999999999859e-06,0.000000000000000000e+00,no
682,0.000000000000000000e+00,1,9.999999999999999547e-07,0.000000000000000000e+00,1.009999999999999859e-06,0.000000000000000000e+00,no
684,0.000000000000000000e+00,1,9.999999999999999547e-07,0.000000000000000000e+00,1.009999999999999859e-06,0.000000000000000000e+00,no
685,0.000000000000000000e+00,1,9.999999999999999547e-07,0.000000000000000000e+00,1.009999999999999859e-06,0.000000000000000000e+00,no
686,0.000000000000000000e+00,1,9.999999999999999547e-07,9.259259259259259350e-07,1.009999999999999859e-06,9.167583425009169229e-01,no
687,0.000000000000000000e+00,1,9.999999999999999547e-07,0.000000000000000000e+00,1.009999999999999859e-06,0.000000000000000000e+00,no
688,0.000000000000000000e+00,1,9.999999999999999547e-07,0.000000000000000000e+00,1.009999999999999859e-06,0.000000000000000000e+00,no
689,0.000000000000000000e+00,1,9.999999999999999547e-07,9.259259259259259350e-07,1.009999999999999859e-06,9.167583425009169229e-01,no
690,0.000000000000000000e+00,1,9.999999999999999547e-07,0.000000000000000000e+00,1.009999999999999859e-06,0.000000000000000000e+00,no
693,0.000000000000000000e+00,1,9.999999999999999547e-07,0.000000000000000000e+00,1.009999999999999859e-06,0.000000000000000000e+00,no
694,0.000000000000000000e+00,1,9.999999999999999547e-07,0.000000000000000000e+00,1.009999999999999859e-06,0.000000000000000000e+00,no
695,0.000000000000000000e+00,1,9.999999999999999547e-07,9.259259259259259350e-07,1.009999999999999859e-06,9.167583425009169229e-01,no
696,0.000000000000000000e+00,1,9.999999999999999547e-07,0.000000000000000000e+00,1.009999999999999859e-06,0.000000000000000000e+00,no
697,0.000000000000000000e+00,1,9.999999999999999547e-07,0.000000000000000000e+00,1.009999999999999859e-06,0.000000000000000000e+00,no
698,0.000000000000000000e+00,1,9.999999999999999547e-07,9.259259259259259350e-07,1.009999999999999859e-06,9.167583425009169229e-01,no
699,0.000000000000000000e+00,1,9.999999999999999547e-07,0.000000000000000000e+00,1.009999999999999859e-06,0.000000000000000000e+00,no
700,0.000000000000000000e+00,1,9.999999999999999547e-07,0.000000000000000000e+00,1.009999999999999859e-06,0.000000000000000000e+00,no
702,0.000000000000000000e+00,1,9.999999999999999547e-07,0.000000000000000000e+00,1.009999999999999859e-06,0.000000000000000000e+00,no
703,0.000000000000000000e+00,1,9.999999999999999547e-07,0.000000000000000000e+00,1.009999999999999859e-06,0.000000000000000000e+00,no
704,0.000000000000000000e+00,1,9.999999999999999547e-07,9.259259259259259350e-07,1.009999999999999859e-06,9.167583425009169229e-01,no
705,0.000000000000000000e+00,1,9.999999999999999547e-07,0.000000000000000000e+00,1.009999999999999859e-06,0.000000000000000000e+00,no
706,0.000000000000000000e+00,1,9.999999999999999547e-07,0.000000000000000000e+00,1.009999999999999859e-06,0.000000000000000000e+00,no
707,0.000000000000000000e+00,1,9.999999999999999547e-07,9.259259259259259350e-07,1.009999999999999859e-06,9.167583425009169229e-01,no
708,0.000000000000000000e+00,1,9.999999999999999547e-07,0.000000000000000000e+00,1.009999999999999859e-06,0.000000000000000000e+00,no
709,0.000000000000000000e+00,1,9.999999999999999547e-07,0.000000000000000000e+00,1.009999999999999859e-06,0.000000000000000000e+00,no
711,0.000000000000000000e+00,1,9.999999999999999547e-07,0.000000000000000000e+00,1.009999999999999859e-06,0.000000000000000000e+00,no
712,0.000000000000000000e+00,1,9.999999999999999547e-07,0.000000000000000000e+00,1.009999999999999859e-06,0.000000000000000000e+00,no
713,0.000000000000000000e+00,1,9.999999999999999547e-07,9.259259259259259350e-07,1.009999999999999859e-06,9.167583425009169229e-01,no
714,0.000000000000000000e+00,1,9.999999999999999547e-07,0.000000000000000000e+00,1.009999999999999859e-06,0.000000000000000000e+00,no
715,0.000000000000000000e+00,1,9.999999999999999547e-07,0.000000000000000000e+00,1.009999999999999859e-06,0.000000000000000000e+00,no
716,0.000000000000000000e+00,1,9.999999999999999547e-07,9.259259259259259350e-07,1.009999999999999859e-06,9.167583425009169229e-01,no
717,0.000000000000000000e+00,1,9.999999999999999547e-07,0.000000000000000000e+00,1.009999999999999859e-06,0.000000000000000000e+00,no
718,0.000000000000000000e+00,1,9.999999999999999547e-07,0.000000000000000000e+00,1.009999999999999859e-06,0.000000000000000000e+00,no
720,0.000000000000000000e+00,1,9.999999999999999547e-07,0.000000000000000000e+00,1.009999999999999859e-06,0.000000000000000000e+00,no
721,0.000000000000000000e+00,1,9.999999999999999547e-07,0.000000000000000000e+00,1.009999999999999859e-06,0.000000000000000000e+00,no
722,0.000000000000000000e+00,1,9.999999999999999547e-07,9.259259259259259350e-07,1.009999999999999859e-06,9.167583425009169229e-01,no
723,0.000000000000000000e+00,1,9.999999999999999547e-07,0.000000000000000000e+00,1.009999999999999859e-06,0.000000000000000000e+00,no
724,0.000000000000000000e+00,1,9.999999999999999547e-07,0.000000000000000000e+00,1.009999999999999859e-06,0.000000000000000000e+00,no
725,0.000000000000000000e+00,1,9.999999999999999547e-07,9.259259259259259350e-07,1.009999999999999859e-06,9.167583425009169229e-01,no
726,0.000000000000000000e+00,1,9.999999999999999547e-07,0.000000000000000000e+00,1.009999999999999859e-06,0.000000000000000000e+00,no
