shard,probe_id,status,elapsed_seconds,peak_rss_mib,exit_code,source_bytes,olean_bytes,stdout_tail
0,DATA_SHARD_0,PASS,6.05813,,0,96508,5798912,
1,DATA_SHARD_1,PASS,5.845383,,0,96512,5799552,
2,DATA_SHARD_2,PASS,6.052086,,0,96522,5800008,
3,DATA_SHARD_3,PASS,7.521163,,0,96526,5799536,
4,DATA_SHARD_4,PASS,7.314925,,0,96530,5799088,
5,DATA_SHARD_5,PASS,7.311154,,0,96531,5800016,
6,DATA_SHARD_6,PASS,7.958145,,0,96517,5799080,
7,DATA_SHARD_7,PASS,7.935207,,0,96536,5800008,
8,DATA_SHARD_8,PASS,7.939125,,0,96539,5799088,
9,DATA_SHARD_9,PASS,7.70535,,0,96546,5799544,
10,DATA_SHARD_10,PASS,7.695443,,0,96554,5800008,
11,DATA_SHARD_11,PASS,7.684686,,0,96552,5799088,
12,DATA_SHARD_12,PASS,9.533678,,0,96548,5800008,
13,DATA_SHARD_13,PASS,9.319359,,0,96621,5799080,
14,DATA_SHARD_14,PASS,9.53,,0,96710,5799552,
15,DATA_SHARD_15,PASS,8.181091,,0,96702,5799536,
16,DATA_SHARD_16,PASS,7.978852,,0,96716,5799544,
17,DATA_SHARD_17,PASS,7.97294,,0,96704,5799552,
18,DATA_SHARD_18,PASS,6.973818,,0,96703,5799544,
19,DATA_SHARD_19,PASS,6.974438,,0,96714,5799552,
20,DATA_SHARD_20,PASS,6.970565,,0,96718,5799544,
21,DATA_SHARD_21,PASS,7.321931,,0,96715,5799552,
22,DATA_SHARD_22,PASS,7.325733,,0,96727,5799544,
23,DATA_SHARD_23,PASS,7.324423,,0,96731,5799400,
24,DATA_SHARD_24,PASS,8.107002,,0,96718,5799552,
25,DATA_SHARD_25,PASS,8.1039,,0,96726,5799544,
26,DATA_SHARD_26,PASS,8.115747,,0,96735,5799544,
27,DATA_SHARD_27,PASS,7.714484,,0,96735,5799088,
28,DATA_SHARD_28,PASS,7.712986,,0,96739,5800008,
29,DATA_SHARD_29,PASS,7.903154,,0,96736,5799080,
30,DATA_SHARD_30,PASS,7.242948,,0,96744,5799552,
31,DATA_SHARD_31,PASS,7.234068,,0,96748,5800008,
32,DATA_SHARD_32,PASS,7.041818,,0,96752,5799088,
33,DATA_SHARD_33,PASS,7.292046,,0,96741,5800008,
34,DATA_SHARD_34,PASS,7.312556,,0,96746,5799088,
35,DATA_SHARD_35,PASS,7.312521,,0,96752,5799544,
36,DATA_SHARD_36,PASS,10.648575,,0,96745,5799544,
37,DATA_SHARD_37,PASS,10.642652,,0,96753,5799552,
38,DATA_SHARD_38,PASS,10.641228,,0,96752,5799544,
39,DATA_SHARD_39,PASS,16.843052,,0,96756,5799544,
40,DATA_SHARD_40,PASS,16.916204,,0,96781,5799552,
41,DATA_SHARD_41,PASS,16.871427,,0,96895,5799544,
42,DATA_SHARD_42,PASS,15.910801,,0,96891,5799544,
43,DATA_SHARD_43,PASS,15.829057,,0,96886,5799552,
44,DATA_SHARD_44,PASS,15.822656,,0,96902,5800008,
45,DATA_SHARD_45,PASS,12.886081,,0,96889,5799544,
46,DATA_SHARD_46,PASS,12.782964,,0,96896,5799552,
47,DATA_SHARD_47,PASS,12.774182,,0,96893,5799552,
48,DATA_SHARD_48,PASS,11.154077,,0,96890,5799080,
49,DATA_SHARD_49,PASS,11.080232,,0,96896,5799976,
50,DATA_SHARD_50,PASS,11.073853,,0,96888,5799088,
51,DATA_SHARD_51,PASS,11.008408,,0,96891,5799544,
52,DATA_SHARD_52,PASS,11.07473,,0,96893,5800008,
53,DATA_SHARD_53,PASS,11.041157,,0,96899,5799088,
54,DATA_SHARD_54,PASS,10.98519,,0,96931,5800008,
55,DATA_SHARD_55,PASS,10.800242,,0,96956,5799072,
56,DATA_SHARD_56,PASS,10.819916,,0,96958,5799552,
57,DATA_SHARD_57,PASS,10.571827,,0,96946,5799552,
58,DATA_SHARD_58,PASS,10.466485,,0,96961,5799544,
59,DATA_SHARD_59,PASS,10.428173,,0,96957,5799552,
60,DATA_SHARD_60,PASS,10.381517,,0,96952,5799552,
61,DATA_SHARD_61,PASS,10.372958,,0,96959,5799544,
62,DATA_SHARD_62,PASS,10.349787,,0,96964,5799544,
63,DATA_SHARD_63,PASS,9.302933,,0,96955,5799552,
64,DATA_SHARD_64,PASS,9.304019,,0,96950,5799544,
65,DATA_SHARD_65,PASS,9.319204,,0,96968,5800008,
66,DATA_SHARD_66,PASS,9.316603,,0,96957,5799552,
67,DATA_SHARD_67,PASS,9.324084,,0,96968,5799544,
68,DATA_SHARD_68,PASS,9.307891,,0,96961,5799544,
69,DATA_SHARD_69,PASS,10.018772,,0,96967,5799088,
70,DATA_SHARD_70,PASS,10.035419,,0,96965,5800008,
71,DATA_SHARD_71,PASS,9.776334,,0,96969,5799088,
72,DATA_SHARD_72,PASS,10.827287,,0,96952,5799552,
73,DATA_SHARD_73,PASS,10.621727,,0,96966,5800008,
74,DATA_SHARD_74,PASS,10.599433,,0,96978,5799088,
75,DATA_SHARD_75,PASS,11.652211,,0,96967,5800008,
76,DATA_SHARD_76,PASS,11.634451,,0,96974,5799088,
77,DATA_SHARD_77,PASS,11.424028,,0,96971,5799544,
78,DATA_SHARD_78,PASS,12.377558,,0,96971,5799544,
79,DATA_SHARD_79,PASS,12.172619,,0,96962,5799552,
80,DATA_SHARD_80,PASS,12.156452,,0,96971,5799544,
