a,c,x,qAdv,xAdv,target_count,retarded_count,advanced_full_count,advanced_window_count,e5_numerator,e5_gap,deterministic_atom_gap,advanced_window_gap,closure_percent,partition_ok,pairwise_disjoint_ok,advanced_subset_ok,gap_identity_ok,route_hooks_ok,window_hooks_ok,all_hooks_ok,target_sha256,retarded_sha256,advanced_full_sha256,advanced_window_sha256,advanced_boundary_examples
8,5,4096,256,3840,1597,165,1430,1320,1486,111,1,110,93.049467752,yes,yes,yes,yes,yes,yes,yes,cb7df44017881623c4124c2a635aa61c8eeba3e88bb797b5c4543f986b7280fb,ea3972e53128de226460497ffe83946a63965cb7b345fa9e87cd0b8c94bf5475,d0bbf99c424852f59c9e18148e0e7536a2c4471279e396e47d5597c3ec4c6019,91129f1644cc30e8c8d1c72111cc7036e34ac8425fda41f875668c53a320d9ff,559 745 839 993 1063 1118 1143 1159 1207 1259 1417 1490
17,11,8704,256,8448,2306,126,2178,2109,2236,70,1,69,96.964440590,yes,yes,yes,yes,yes,yes,yes,95daa4f9277e21202a6cfd6b563e00a3b0bd93c4531e6d4269141eb4c5f71e19,a9b710aa5140846b8172ce417ae732ce84066854db7e0a1cc9d2dbbd499f4057,9b1874bb4c761f0d1ff0f464bfa1575b51b097da69b43774b249519e924385a7,09b406bf82c56c693adc9233d69cf22874113c72918cd93e2ca3e0179418aa6b,1119 1679 2238 2519 3358 3387 3763 3779 3787 3795 3811 4476
26,17,13312,256,13056,3509,137,3370,3304,3442,67,1,66,98.090624109,yes,yes,yes,yes,yes,yes,yes,adc096315e5576f95928149d9c36f7aa2d8acf7949cd1f85bd1b1ff612e0b178,d3ee8622f9e95aa988d2c25ee45b37f5ddbe6d3a2b86d1f38b0dd41dce62a5bb,23cc393e54600daadda619e2e6b68bb784c87ba2831308cf43541c585affe3f0,185886fcb6280e0f23137ccc232d5ac3b91b1fb0eeb453fbc5c944b56a277db0,3495 3895 3927 5193 5243 5811 5835 5843 5891 5899 6990 7790
35,23,17920,256,17664,5231,177,5052,4985,5163,68,1,67,98.700057350,yes,yes,yes,yes,yes,yes,yes,80f0cfc25c43cb388c1f863a85c25918dc43b6ce66e42e8ba04b8385185dd581,499e1a6bb1f528378d97269a4c2347cb941badaaaa337cf34a4d5d72a2f3661d,f7826f4c7c44bbe2379982a85ca7a4d0b296e941717e0bbccf02c24d79bc80ba,2d480bf75b22eae2263f64d2f1f001d13d986d74b1bc1142d9a612ca6685a1bc,3535 4713 5239 5303 6985 7070 7859 7891 7939 7955 9313 9426
44,29,22528,256,22272,2967,178,2787,2763,2942,25,1,24,99.157398045,yes,yes,yes,yes,yes,yes,yes,8d42544dd52413f53971be029615adfca0b7f90f5cfe6d8ecdf278e5d42b8013,8025a38dbc9587ecf6f2f8a742f0d85d853ef948231c893f2a76cfadfbb0a9ef,8bbaeabab13cd9698e397fe0e9e6c82f13a93905183fc8402f15f8a6c1192588,635171505de6e078f2c451c58630897056ab5bd94d58e721a44e2cbd7a7a62cf,9939 14853 14909 14913 14917 14925 19878 22280 22282 22284 22300 22360
53,35,27136,256,26880,7953,115,7836,7811,7927,26,1,25,99.673079341,yes,yes,yes,yes,yes,yes,yes,4610224778574df50f1b374e6fa56b89a3d234ee8080095effac25ed1650080f,184128332d7228b77f384dbc131d8956ac75fe2242d62ec5e4f015b794e5d29f,cd25c5c745a94a39f1b736beaae5c099bec183c9fa514ffbd8ea1c372f8bbee1,d1ba7cc312c393a5bd2afbb3b272415c10626689f0008f1339de9156ee87fb7a,7131 8023 10697 12035 14262 16046 18001 18037 18053 21394 24070 26914
62,41,31744,256,31488,1841,728,1111,1111,1840,1,1,0,99.945681695,yes,yes,yes,yes,yes,yes,yes,e863c9b186b76ce4bcbb7b71f76ddb6a2c8982b8aff7fd1d1ec8ca45e850fe18,4eea7b14d8c8c8fcd09659b576345898140321c04dd1afc13626f3f6f718af2e,2dba879922cd68bb54498ca3a9bdc384bad5ab3c87d00a81f26178ababcd04ef,2dba879922cd68bb54498ca3a9bdc384bad5ab3c87d00a81f26178ababcd04ef,
71,47,36352,256,36096,4400,227,4171,4165,4393,7,1,6,99.840909091,yes,yes,yes,yes,yes,yes,yes,211b7bea1811299d580330c027ac0ffbf2a58a94a0d6cd6511633971803b6557,8f75b533e3a22b3930a7ee137b2ab2f9607e7447c3ea95585e855f91a44091f9,6486f1d6c59e8e89bda6fa690738a0848e00fdfe4edff69d54f8488aca4f93dd,50a1225572c8c3a1355b3bdb58804e1d82740fdf6d681ee3b23f9559ad16cfda,24069 24109 36104 36106 36108 36164
80,53,40960,256,40704,11829,166,11661,11604,11771,58,1,57,99.509679601,yes,yes,yes,yes,yes,yes,yes,af610c9a9a2db633e7d6860a1c4ef49c31caee5a0f19f57cd44244fe55ee3d33,1413b7527a8d840ca005aa22b626a5f7bb68a4b82f28675aceb8cec05cd85948,4b9f747a228ea28defa159c607a5bddad4df0f0877f0781303ed5831a2c7fbd8,b4ba67eb849ea67e3d82df6a90404da2d06f5eabfd9a41d64f9bc572b1117172,8079 12119 16158 18091 18147 18179 18187 24121 24238 24249 27137 27189
89,59,45568,256,45312,1908,235,1671,1671,1907,1,1,0,99.947589099,yes,yes,yes,yes,yes,yes,yes,efc01e47b0582066bd28022ca981e3098cd62c21449880f6a2e80718288ed54a,067b9ba34fbe9e2038b8900b46993692d8824a4edf0ab5094bf75b72660af72e,bdde28bd84181a8e685ecbbbb099beb24860510c1029a52d403dd035d2fdaaa7,bdde28bd84181a8e685ecbbbb099beb24860510c1029a52d403dd035d2fdaaa7,
98,65,50176,256,49920,3895,97,3796,3796,3894,1,1,0,99.974326059,yes,yes,yes,yes,yes,yes,yes,f4b928f838a904bd8d96df845ce04f69d7692cebe561b9d3d2b5fab068d893fc,ef7eff857b450e750bae49780be2e3917e8aeac620f96c8817d1f29189fd97d1,3b6e461332908d397c19c77ffd1f06b4936ef5fa7cc33555c35ea7d98b69751c,3b6e461332908d397c19c77ffd1f06b4936ef5fa7cc33555c35ea7d98b69751c,
107,71,54784,256,54528,6812,184,6626,6578,6763,49,1,48,99.280681151,yes,yes,yes,yes,yes,yes,yes,c50c9560762422d81011815fbc40e522cb099b5a1cff656578747cbadd787d8c,b809bf5996730cc4c5feb958d05bcccfb31665e3de0b232e400b88d6852fc810,c2af00ecc219e46e09da4aa579184c407566afa1bfa47000575a0ae4938cdaae,355904e2609abb7cac08cb6e235234939a374945c9bc4ebbec15880fc45176cd,16183 19179 21577 24275 24307 24339 28769 32366 32409 36385 36413 36421
116,77,59392,256,59136,1852,184,1666,1666,1851,1,1,0,99.946004320,yes,yes,yes,yes,yes,yes,yes,51efc0d529ad3dca26658f4c676967bb42bbe21203f9f89f9ed86040576ca034,3b25856ebaad04c3470e3eab5404aaa43c2808d9ebcc9f9c97a33cbfb728d6c9,042d2cf96a067359be20d6fa5fec95740cfaa64956f1db4de70116487b23b9dd,042d2cf96a067359be20d6fa5fec95740cfaa64956f1db4de70116487b23b9dd,
125,83,64000,256,63744,3551,1073,2476,2476,3550,1,1,0,99.971838919,yes,yes,yes,yes,yes,yes,yes,ffc793d2a8f7c1dbf2dd43d71f3b49e132b513ae652b2ef86e221e9568d8a6da,3793efc615299f4ca8e3adf5552d72cdd186fb04ad6496db9b70ccbf50ba6147,60f8494e6c3abefd09b2a54c9d93a885f2f1ebe31ebb17c047978164c6730105,60f8494e6c3abefd09b2a54c9d93a885f2f1ebe31ebb17c047978164c6730105,
134,89,68608,256,68352,3443,104,3337,3337,3442,1,1,0,99.970955562,yes,yes,yes,yes,yes,yes,yes,6ef8e5443a8b7c89f55bd8260e8d794e534a87c08579e6aa383d426fedbb9989,bb6ddf77ec954b21643bec06f6c5de7113e18cda9baa2cda071e600adcfb9dae,cbcb86f420716e61f385a08604bb8b639134191913f1aabf0ec6f10ec8d1783f,cbcb86f420716e61f385a08604bb8b639134191913f1aabf0ec6f10ec8d1783f,
143,95,73216,256,72960,2694,884,1808,1808,2693,1,1,0,99.962880475,yes,yes,yes,yes,yes,yes,yes,05c221737c493ca93a3eb9196c0d66a07bffe927a9abe064468f3bd3839e7b55,81d13a67852ccb625b03cfc7ee7df7344b50c560722e8a879d10271afab6c48e,c87f8fc1c9a44af5ed96f78d243f99b50af016b96612c0502bcb1ceed31e2059,c87f8fc1c9a44af5ed96f78d243f99b50af016b96612c0502bcb1ceed31e2059,
152,101,77824,256,77568,6182,134,6046,6008,6143,39,1,38,99.369136202,yes,yes,yes,yes,yes,yes,yes,fc955f245afb929bf5d71d172b887a829683afa8170480df7d684db7ef928051,d635feca86b43b74cdec933484c5b7aad04b6ceba3087c188a21adc325f1d8dd,978f83713013b74efc7c99637b45e65cfbd23a9a34862ea2f3b2b219b8d3556a,d942a4e2d212f80cc022bb603411fb4db57c1a2f6cbadba04a1494234e2546b1,18171 20443 22999 23047 27257 30665 30729 34499 34571 34579 36342 40886
161,107,82432,256,82176,10369,123,10244,10218,10342,27,1,26,99.739608448,yes,yes,yes,yes,yes,yes,yes,0d42390b44d3ed6334a3b3e91bafa6cb46433dd987b24c601723c5dc6d06c766,907142850c44e4bc976c687ae9f5640f1738f335019d108bfbd703259de788a6,a48b6d288ee43c605525790218c7b319f263740fd5ffe2d4c83d99ea67a34991,eac9d212655c5149764a86d91349dd737ecdaf97e5549322aac5b0b4ea793494,36547 48729 54789 54817 54821 54865 54925 54933 73094 82180 82184 82186
170,113,87040,256,86784,1391,211,1178,1178,1390,1,1,0,99.928109274,yes,yes,yes,yes,yes,yes,yes,eb46b72054c690e7620ce0dfff9cd87a124bd5cc024e4518dcd17d377dcfc62a,27eefaff3fde62147a1022060b6b1419a8333ed37e14407b849c65e6518f76ec,40766f0c1e58f62bfbc05fad5bcddd11a9eeee7a75353b3846e859c528ce93fe,40766f0c1e58f62bfbc05fad5bcddd11a9eeee7a75353b3846e859c528ce93fe,
179,119,91648,256,91392,2420,111,2307,2305,2417,3,1,2,99.876033058,yes,yes,yes,yes,yes,yes,yes,fe94b37ecf8e682559a235340c56cc13e2d2809b85166baa82f493a037a7c16e,bdfccc5564819ff399aecffe58d8758feedbfff43b8d3e595d449c572dfec143,153bbd6cfb906ea9fe3997c59424b9131683ae8560aa6525104583e2f3c25675,c366817510c9ebf8a6894fd170c5080e3b4e67c24d736d812db190c28f37f04a,61089 91634
188,125,96256,256,96000,5206,108,5096,5096,5205,1,1,0,99.980791395,yes,yes,yes,yes,yes,yes,yes,443ea5cf4f2c3d85a5240c62aa4698adf772dacd20b2fab7cb7def349509a82a,6109395d83d3572431c982cdf3749fe9bb023b8b99a40ab10d353072f4b7fff3,2dc108cb676eb1d11a0f6d932196435ee297d37c204a493f68402bc57bd627a5,2dc108cb676eb1d11a0f6d932196435ee297d37c204a493f68402bc57bd627a5,
197,131,100864,256,100608,1998,723,1273,1273,1997,1,1,0,99.949949950,yes,yes,yes,yes,yes,yes,yes,397961f73e0d061de39123ac8b7ed2de34bb9a8113749cc1cac4dc14eca3e80b,1551c90b64fda619a68da9eb0ef5c1f240f21c1c85113fff7df5f7ebc235d07f,0d6941a8b3ea5c7facb237b021219dae92089d1cab2f682e40828218da75b213,0d6941a8b3ea5c7facb237b021219dae92089d1cab2f682e40828218da75b213,
206,137,105472,256,105216,19680,364,19314,19220,19585,95,1,94,99.517276423,yes,yes,yes,yes,yes,yes,yes,fa865e8de3a740b1c7b924a7ea57f0a50f4f1d56f93021bffecc090c7099be5c,7e1bb685e4c8099824a77f726a1dbc825db182afbf1e43167a55724a71ca9a86,d9f8e78b7ffb7210ea97da2a3942e1fff280d41d0ff8e2a48c06fdae74942d4e,640b6ed363763a39629f83908bbea47d48dc1f2965a262ce59479d14eb574495,41595 46771 46795 46803 46819 46851 62361 62393 62425 70157 70161 70165
215,143,110080,256,109824,4815,228,4585,4582,4811,4,1,3,99.916926272,yes,yes,yes,yes,yes,yes,yes,e8a690db46c8686b56bc3621c77be09e4fb2baa04e821ce8d5b97a878aee5a06,937569606aa71ccc3a31b4e23a1b630a09b905f8da4b0aee38e9b226532ffd0e,32f5b7e1ac94bdc73edc707dc22da8c71cdb9c98f60af6e4c16d3c0575e1b18d,6c1b03b42525225a7ecdec5e65e90ad757ac3b372ae076e774e29f7347e1d490,73297 109944 109946
224,149,114688,256,114432,1188,369,817,817,1187,1,1,0,99.915824916,yes,yes,yes,yes,yes,yes,yes,a0b799b88e1da152876c3370601977b777c261bc77ae15797977cb08341af39d,905498b4ac9b174a83eb49cd2806fe5f830d90eef4c7702e62c90d5ccf3c0de2,a05dbd37a617e1d4361806e2e30d9dfb02d2d63f29df2bfeb1f30b80d5d36cb0,a05dbd37a617e1d4361806e2e30d9dfb02d2d63f29df2bfeb1f30b80d5d36cb0,
233,155,119296,256,119040,22741,112,22627,22581,22694,47,1,46,99.793324832,yes,yes,yes,yes,yes,yes,yes,237cbcc5860f2031efdfee6736a1c841aa8f8ab7bedf730c70ffced62379b93d,cb13269c2a6fd505ecd47aa63c59e0e3024b61909c1fbc050fb64a9104e4859a,a300635af01e946d8709df53840c116582804616c3a99597c480d14e4cef0a35,a2403f3558f0478cd28367a27f6f06404229934bfe3fdfc4091389e429ed70e4,47035 52915 52947 53011 62713 70553 70681 79373 79377 79389 79421 79425
242,161,123904,256,123648,15197,125,15070,14996,15122,75,1,74,99.506481542,yes,yes,yes,yes,yes,yes,yes,7dcf716587306b6be4ea7c4e8e81afd142302bd7471ed473a2a8072d63733499,3702e03f31dcec2da43ea47096db787e6df78cb1479cf43251ba0f2733dd8577,e1ca050ec1e2165448ed0936aa1ab34da82890dd2e54da1fe6dcba2403339124,d12964ee78f12aa09686ba03fd7b141f0d7fb48bec498ba427404d6884cb648a,24463 32617 36695 43489 48926 54963 55011 55027 55043 55051 57985 65234
251,167,128512,256,128256,26171,273,25896,25857,26131,40,1,39,99.847159069,yes,yes,yes,yes,yes,yes,yes,a7eb9c436978fb5c35e69a99699a22141473c0ffc3d640830393d015d0dcccb3,f3d8f9e7ed098255d70e1f6ba0f9dd56cb8bdf93832ef11244941c31b560aea6,2900b4dc25765039083b93e58708fb6a82c3589ce30bb4d91e4f4fb67d6c9aea,6db90a77bd626b33af869f9c1553fcdde8b14f2094416e84663bd3569f3201a1,38007 57011 57075 76014 85517 85521 85533 85557 85573 85581 85613 85621
260,173,133120,256,132864,5387,112,5273,5273,5386,1,1,0,99.981436792,yes,yes,yes,yes,yes,yes,yes,c8e09d3c43d01f6a5a44e15307cd9e95336c423d27cfa4d8767ee937a7577468,5f187e898767841fb89372c858121b1f0454776a675e189d83004d069582f9db,478a3bebec1d10ef4581e5ef7de09bb24a8642724cfa17e8495e82647d6a69f4,478a3bebec1d10ef4581e5ef7de09bb24a8642724cfa17e8495e82647d6a69f4,
269,179,137728,256,137472,3763,251,3510,3510,3762,1,1,0,99.973425458,yes,yes,yes,yes,yes,yes,yes,d65f18bcac3f83314cf5f3b02bdb355283dc4f2fdb7bd4353c7f8f9bf5e10cca,89fb6fc627a8060b908d49d25b59e1963b4d27274d2542d89e1fc9eb61747f53,b6d6c71f08c5edbfd75813ad4d90088a8e7996b0bf51ca45f5866c58970793ee,b6d6c71f08c5edbfd75813ad4d90088a8e7996b0bf51ca45f5866c58970793ee,
278,185,142336,256,142080,715,264,449,449,714,1,1,0,99.860139860,yes,yes,yes,yes,yes,yes,yes,f4edab5d66e91f4e84441fd35df4543cd2f6067be094301654c82f122d0fc030,fd9e3351f510f34602d1e51c9a427b853c8bc56e9fb296ec57599835087de3f4,6727d8a1400e76697ff180bffea5317434bcb01030e6476a9a8575c4c6ebcecd,6727d8a1400e76697ff180bffea5317434bcb01030e6476a9a8575c4c6ebcecd,
287,191,146944,256,146688,2233,176,2055,2055,2232,1,1,0,99.955217197,yes,yes,yes,yes,yes,yes,yes,69a7db87d9fee61c2377e52953fae1a9a296ca58b1fe5406f7853a55a3dab4a0,1fc68f830e167c1de6f30583300afab298e07112dd5dd15a8069cb845fe23466,7ea8c02ff07c278afe9920e238e01633c720f0bb67a19c316192e9b74c3c4dad,7ea8c02ff07c278afe9920e238e01633c720f0bb67a19c316192e9b74c3c4dad,
296,197,151552,256,151296,3342,159,3181,3181,3341,1,1,0,99.970077798,yes,yes,yes,yes,yes,yes,yes,69e6db9c65b072f46335da1ae168023862282e1398e5ef432683cfb64d102cfd,f73dc9bd0912c39acaa0c3d7a5f5e0d2b6bcab1fabc0fc8b6c03ca3e41371655,8eef8bd6c7a8e02f1c37b322d6168ff69decc659c55e991132ab942fd10ea8d1,8eef8bd6c7a8e02f1c37b322d6168ff69decc659c55e991132ab942fd10ea8d1,
305,203,156160,256,155904,1038,376,660,660,1037,1,1,0,99.903660886,yes,yes,yes,yes,yes,yes,yes,35ced50f506fe7ebee898f59d042857b23479cca6612f653188890971e73e16f,92dcad4ff19cd67262f2b4ad8c9bd277fa613ec44d8dafc8ba70999aa12c9c5a,eef217e91bc35daaa8dc76918ff3ac0499ef267071c2bcbe9f389344db716156,eef217e91bc35daaa8dc76918ff3ac0499ef267071c2bcbe9f389344db716156,
314,209,160768,256,160512,5731,2475,3254,3254,5730,1,1,0,99.982551038,yes,yes,yes,yes,yes,yes,yes,4d0be2eaaa490a47afe82f1e6b972223e3cb5810fe6e70def6a39af10dda29da,fd1a7d69631ce3213f68b01a45cd6a9f777544e39803967dd245d7b02bfaf2a8,95c5f0d0dcfd27dec5a26a93c53ad7343a6a510bdee9c18c08655fd0507d0c2a,95c5f0d0dcfd27dec5a26a93c53ad7343a6a510bdee9c18c08655fd0507d0c2a,
323,215,165376,256,165120,7369,162,7205,7205,7368,1,1,0,99.986429638,yes,yes,yes,yes,yes,yes,yes,50a81b467f3bde7718e39d552efb84c75c5633dd42ff8002cbe5ad58875fe344,413f3bbf24e48d860088a9c33de3bd1f8b52acc338676aa038ced612ce0d7ea5,dc2870a453bfcd22209ed45e382660b58045099988a69c243b58a15f9c74f1bf,dc2870a453bfcd22209ed45e382660b58045099988a69c243b58a15f9c74f1bf,
332,221,169984,256,169728,1448,221,1225,1225,1447,1,1,0,99.930939227,yes,yes,yes,yes,yes,yes,yes,61e142b9478f9dca4bfc54563f6f942c86bca0983b30210ba61cd9590805232a,3feeacc9d9e92dc5890e9183edc311a8069d63e682c1cae66d5d86f6a057ea9a,a9dda936544c0fb4e26fcd35588448e2353ea537e83893d9082da02bff44f5e2,a9dda936544c0fb4e26fcd35588448e2353ea537e83893d9082da02bff44f5e2,
341,227,174592,256,174336,3896,103,3791,3791,3895,1,1,0,99.974332649,yes,yes,yes,yes,yes,yes,yes,54ef4f3ebab55b62989f368de28461334065d711663cc8a128f1f108f8b29d7c,cbdc4051502e24622ce6dc8647b2d64365497eab50941bfa1b0fbaca9a7febb7,2793fc5ce126601d04426e04cfc8e26c47339c7dd2de9ff81d5a113aedec1af4,2793fc5ce126601d04426e04cfc8e26c47339c7dd2de9ff81d5a113aedec1af4,
350,233,179200,256,178944,33429,103,33324,33305,33409,20,1,19,99.940171707,yes,yes,yes,yes,yes,yes,yes,10f5f88fb80ab8b0fe0f8d7420741dad5cb99b0e4ce307a0312828ecd17d7b8f,d30ce370f5ccb34d69e79d405b7ed90f652c4c0987f044cf12070e0849028d9f,c151bba826bea7d4ac41df692236c5ab7b88e270208ddb79ebe68b8dfa8689a0,87a5504c7edd51191ab52a8875919d7e8312b6d701b2f2821adbdc3b5144aed3,53079 79619 106158 119361 119365 119373 119429 159238 179040 179042 179044 179048
359,239,183808,256,183552,2734,378,2354,2354,2733,1,1,0,99.963423555,yes,yes,yes,yes,yes,yes,yes,b42e0e5f3c208ac27ce80d696bda0d773dc4aece4bf87ddfe133e770dd4d913f,c1a7e251fdfee99ab1de535d006e4efc87c5832da88271e04e1054758f6c70ba,c65c4d3d60a5c45adb4aec1da0f423e815679befc57b8970d03879e7f9136d99,c65c4d3d60a5c45adb4aec1da0f423e815679befc57b8970d03879e7f9136d99,
368,245,188416,256,188160,2669,190,2477,2477,2668,1,1,0,99.962532784,yes,yes,yes,yes,yes,yes,yes,8336e70c860653b2bab865ca3bce6b52e7b9744fdbb5668cde5644e133fc6dc3,2fc44574940ca069dd65661ad5e032c4dd3717f4eabdcae02ddfadd003600b99,5c66c325e5d80c4a686ffdfb00d70c5dce16783eaae3c7d950ea97969ddbb8a3,5c66c325e5d80c4a686ffdfb00d70c5dce16783eaae3c7d950ea97969ddbb8a3,
377,251,193024,256,192768,38744,105,38637,38607,38713,31,1,30,99.919987611,yes,yes,yes,yes,yes,yes,yes,c1c84a07cc07f429add7632bf350b3d6306dfc09cda16eeb0d844974008c92dd,2e793978031e292c3512da8bfa840b45d75c43ee1a2de5523f526d1541472638,f6e4ae3f8e0947157a01d54cc64de0d75ebe5795d3b70d32fc8f51e6d5b0f0c8,c0e98d22dd77eed1fc09a127c644588800f6f44b4037926acabf2f91c0e962e7,57175 76233 85763 114350 128581 128589 128605 128613 128645 152466 171526 192864
386,257,197632,256,197376,2260,262,1996,1996,2259,1,1,0,99.955752212,yes,yes,yes,yes,yes,yes,yes,3929acb2dca8e62e6e919a9f69617e590c3f0bb849ec93a08d149c6db04c72bc,5e5bae1f8160344da886f5a4cf0306080c5e813e8dadeabe382abb5743ca7deb,1758fd8cfe31019d210fa999ee32735192977d509cfc3832127a89eb92c47381,1758fd8cfe31019d210fa999ee32735192977d509cfc3832127a89eb92c47381,
395,263,202240,256,201984,39532,161,39369,39336,39498,34,1,33,99.913993727,yes,yes,yes,yes,yes,yes,yes,dbfd29c48552f6dbace1a016a8893373812a57cbd600f772ee9f8d5fa77a5957,e55c501740f152d8f58b93fac18cd7b654f4a4e85ee2dc6627bbcf1a6afe19e6,9c6923605ff84c51901e071e6f7e24d718a57d3bb30f46de9a0beaba1269347d,b26b737d259cb8c3c8842f343331781add34322716663894fc4ac20b08169619,89827 119769 134677 134689 134741 134769 134797 134805 134817 179654 202016 202024
404,269,206848,256,206592,5530,96,5432,5432,5529,1,1,0,99.981916817,yes,yes,yes,yes,yes,yes,yes,35694eee30df19e5e4bb8f495286acd8df3053e50e53db5dd1230ac12916298b,9f43dd931c8bff8a04c358cd9a32d49f2e48dd239b48c0fa145a758db0d29d4f,06a67c5fd8482a389b451d2f5c091fb3f11cb15c977f847d7d2b7de4225f1967,06a67c5fd8482a389b451d2f5c091fb3f11cb15c977f847d7d2b7de4225f1967,
413,275,211456,256,211200,1153,175,976,976,1152,1,1,0,99.913269731,yes,yes,yes,yes,yes,yes,yes,f77050f3b910d1b7b78530c2f701f41cf9b79902f55ac56044d4df6cd7a35fd0,fbc8958a7ffcd30991747affcb2a68b9ddb65c4cc039d9a4fe5abcadda5d75b6,8be47a62619b9be609eb3de1c1dd21a22cdddd680385ee28869dfe158221cd80,8be47a62619b9be609eb3de1c1dd21a22cdddd680385ee28869dfe158221cd80,
422,281,216064,256,215808,3496,105,3389,3389,3495,1,1,0,99.971395881,yes,yes,yes,yes,yes,yes,yes,0222ecde097eca521773edaa6ba6006c364ac82668272ed0a4fa954203cc7c43,8ba53006a67fa2db6bf4842a77823338b807330d5107f2e54b9cefdce6f9b319,15eddfa2e347527f3b7c64ebfe21db227d87c52f4763dd82d8adbcecbcaf5d7e,15eddfa2e347527f3b7c64ebfe21db227d87c52f4763dd82d8adbcecbcaf5d7e,
431,287,220672,256,220416,3685,104,3579,3579,3684,1,1,0,99.972862958,yes,yes,yes,yes,yes,yes,yes,4df03d6e42422aaf0564379830ddd91f633a658724d419c70ca958bf41d186c1,364b4257453bba0a42e400bf4a8fc7e1a83bdd600a9360709c9f40c8829f449b,d40ab6df878ba62a3e68c8809ceab5743244a33520d3bf359682e70873ef53e5,d40ab6df878ba62a3e68c8809ceab5743244a33520d3bf359682e70873ef53e5,
440,293,225280,256,225024,1176,573,601,601,1175,1,1,0,99.914965986,yes,yes,yes,yes,yes,yes,yes,0be811b1b535e0b5ac2e7c71eef64248a4d8acf3fd2261178b333c1fa4440a4e,54c1005b87839c71391729af02c6c1830ec5fd9d4083ece130053a1b8f825d21,271300012c9027c4292ee50be3d6393b6322d291471b7f98a5339be5531189d9,271300012c9027c4292ee50be3d6393b6322d291471b7f98a5339be5531189d9,
449,299,229888,256,229632,5354,364,4988,4988,5353,1,1,0,99.981322376,yes,yes,yes,yes,yes,yes,yes,cea746ed465842ae4d68cda2162a8f5b2c591a91eef87721aa6e9e39445b7893,400faf2c9aee1838a5e83eeb88bdbb3070cb5d9a17e6420668388d691c48675d,547c1ade4a8d0aa69d835188ce6ae969fb523014bf761f155f0d26b5a7edb28e,547c1ade4a8d0aa69d835188ce6ae969fb523014bf761f155f0d26b5a7edb28e,
458,305,234496,256,234240,2335,151,2182,2182,2334,1,1,0,99.957173448,yes,yes,yes,yes,yes,yes,yes,ec5a08359ba3c6347dd81024fef2775fce3215c5adef557251d8ece8d601e1b2,4a6e00923ec6ba7213b2889739f908e832cc4c1063e9676eef5671c44c91d4fe,a4f6f120bf5a425ba1a9d822722c76870993150075c9669428a479d06903ebec,a4f6f120bf5a425ba1a9d822722c76870993150075c9669428a479d06903ebec,
467,311,239104,256,238848,1260,689,569,569,1259,1,1,0,99.920634921,yes,yes,yes,yes,yes,yes,yes,c601df94509af5131eb851095642caecdbe44dc6321be62d5eea2233a1651a98,62eec7ac1e64867b57d4a9f544e095d05c0c324a95b0f5febadebd86e9dc9ff3,34d1e1a5f5465e0612605e6c1473b76632259ea2333aa2ef2115b36b45434cde,34d1e1a5f5465e0612605e6c1473b76632259ea2333aa2ef2115b36b45434cde,
476,317,243712,256,243456,4949,137,4810,4810,4948,1,1,0,99.979793898,yes,yes,yes,yes,yes,yes,yes,5c811ec084c83c3d26bf7d2399e775d9d518b903e0a9093c3ae36780c3447238,987319036b8c6f7e2348bc4f41b5d49f51ada5dde1c622d54454e3d1ce41ccc1,50fb33e4b48c1e94e3685cc73fd88773011f42130f8221cd02b27454c181db7a,50fb33e4b48c1e94e3685cc73fd88773011f42130f8221cd02b27454c181db7a,
485,323,248320,256,248064,11310,175,11133,11133,11309,1,1,0,99.991158267,yes,yes,yes,yes,yes,yes,yes,ec5c3a0d26bd5e253564f9c902f8539aa028791a3a52b812f08fc339a795ff3c,bcdf11e0a8ab1de1a3da89fbe0b4c2b0e2f5ff14c5bef2253573a4a770365103,8f6d5e89c19b2aa21c891c2f88924f8a61eea65d82227ef1154d8beabc956285,8f6d5e89c19b2aa21c891c2f88924f8a61eea65d82227ef1154d8beabc956285,
494,329,252928,256,252672,1736,165,1569,1569,1735,1,1,0,99.942396313,yes,yes,yes,yes,yes,yes,yes,0eb1b2f6b4d93b3944bc020ee52bc1b29b3086257bf3a1c5f82cb890d96417dd,a7a8e64d2b3a44ee6428a8899881cafccec4c4dfd287fd62673212d64bc15b13,5b1371c98c4f7a79b1e4abd1705021bb18f9e1b7e2bdb69fe4793d66f194e14c,5b1371c98c4f7a79b1e4abd1705021bb18f9e1b7e2bdb69fe4793d66f194e14c,
503,335,257536,256,257280,2329,446,1881,1881,2328,1,1,0,99.957063117,yes,yes,yes,yes,yes,yes,yes,d64e5b785b35b4a2180739304a1190ddcbbb2026f8cf76d67fce691abd2cfb18,e70c52b505e9a158bd78633d9e1ec7f5b057ff64246c6dbd8bcc8d27d6c42813,597b45efd9eba9b19091aaff1f06df3a9dd3b86f0c4fc55fe76c14c6a270ded0,597b45efd9eba9b19091aaff1f06df3a9dd3b86f0c4fc55fe76c14c6a270ded0,
512,341,262144,256,261888,6048,132,5914,5914,6047,1,1,0,99.983465608,yes,yes,yes,yes,yes,yes,yes,8b309f9c9891514c100fda166f015743b73ea05e2ce3098b6257f189bbafe77f,f6ffa90f2db297a6e258a76f7766d932f4ccc8dd4eccd9f86597eb3ac4accb87,991b25d519a5b551a816e0cdad872764fbb8201c29b33c81145823a6f9ef293d,991b25d519a5b551a816e0cdad872764fbb8201c29b33c81145823a6f9ef293d,
521,347,266752,256,266496,601,164,435,435,600,1,1,0,99.833610649,yes,yes,yes,yes,yes,yes,yes,d1fbab4e13bb5bafa3d62d7e9edb75ce5b9139eea9c46facf8a8dac9fb658103,a701d3a449d775ec9780f476d5be5dd70b8c8f2e88090e9f68eec16b059a3586,a307bb6d22023cb05f6657b13c92f5359a3187bc1bb0b14cee034ed13b881ff3,a307bb6d22023cb05f6657b13c92f5359a3187bc1bb0b14cee034ed13b881ff3,
530,353,271360,256,271104,3000,188,2810,2810,2999,1,1,0,99.966666667,yes,yes,yes,yes,yes,yes,yes,a748f75c446bf39536af09cbd433840276c71446063e67fe2774f1f36bc35c62,29847b00ca4b397b626f868a3514558ea395c556b464d36fa3c4b7ab53141da7,a611565ae6011d2b332e1409384856809c72939f06189ba6d28e0170ff28b2bf,a611565ae6011d2b332e1409384856809c72939f06189ba6d28e0170ff28b2bf,
539,359,275968,256,275712,4253,150,4101,4101,4252,1,1,0,99.976487186,yes,yes,yes,yes,yes,yes,yes,7081fd3c9775e753017506939b88902b7665a660717c11ec0876c443b69ec699,92dded5375c710ec252f576101a7e56cadccf01b35071b4268c46c826f9cdbb2,cfeaa0e9c02c22ba31fb2b242c09abe702743162135547f75e1653cb3dc7ecb7,cfeaa0e9c02c22ba31fb2b242c09abe702743162135547f75e1653cb3dc7ecb7,
548,365,280576,256,280320,3057,277,2778,2778,3056,1,1,0,99.967288191,yes,yes,yes,yes,yes,yes,yes,3f07b12e9db6dac35b7e3dbfa3c00bac13bb01696b810276ed2c68fca1356d8f,771547483d2ee0c5a81098528e180ef63790652da69f9bc8e2584b05fdbf8941,e97c41098a8a7a3445e0e1a72517682a9758e364d95ef2cbc70a9758cc4ac302,e97c41098a8a7a3445e0e1a72517682a9758e364d95ef2cbc70a9758cc4ac302,
557,371,285184,256,284928,4257,154,4101,4101,4256,1,1,0,99.976509279,yes,yes,yes,yes,yes,yes,yes,8dfd1c3e56eb1613155b9a2e473cd3052eb899033038954d085090f4aae51568,a1e28d42336ee4261323b4a8f17e4c9b9d619d64cba53494bfdb837617ba41ab,a4906926c87a0d57ea79b574b74453134b842665c36f585f014bd1527a139000,a4906926c87a0d57ea79b574b74453134b842665c36f585f014bd1527a139000,
566,377,289792,256,289536,58975,211,58762,58756,58968,7,1,6,99.988130564,yes,yes,yes,yes,yes,yes,yes,8f7cb2b9d7684f84864a60ff9339cca632f6d274bd91118aec08ff82667ad60a,593cc95fc06e4a27b7b714cc6c7ffcac4ae5b279e8e6a5e06459ea5521434dc3,b9c4515d1e529e8994706733ee5b5e30278a686e4f5c95207b1e3308fc6980bc,9d1aa8788327d3a24f143ebbf4078835eaffb1c95ee3633a5960d09a71c6487a,128683 171577 193025 257366 289538 289708
575,383,294400,256,294144,1147,164,981,981,1146,1,1,0,99.912816042,yes,yes,yes,yes,yes,yes,yes,a259d8829d65fc80614e6f9ba87df2dd93623808b4bc287f2b29ab5e75aeefe0,024ad4da869c8424c6a7cb2e7885e70ef3391cd54d9ee278288e7362c336305c,6dfba8ced90a00870565bc6f98d78b5638c576d82cbe2dc41759441ecf0d288f,6dfba8ced90a00870565bc6f98d78b5638c576d82cbe2dc41759441ecf0d288f,
584,389,299008,256,298752,2638,124,2512,2512,2637,1,1,0,99.962092494,yes,yes,yes,yes,yes,yes,yes,bfae8af9570c2d469ad49f4d257426b80cebfd590eac71263930aca60046442c,cae482a7e5fa0e78104775529974ccde58b837f025ee6bdb2ab725c92c5bdd83,d5a18bc1755fe6e2ed1abac5148602bd290b31076e89297cd4dbcb5930f19afd,d5a18bc1755fe6e2ed1abac5148602bd290b31076e89297cd4dbcb5930f19afd,
593,395,303616,256,303360,58884,98,58784,58738,58837,47,1,46,99.920182053,yes,yes,yes,yes,yes,yes,yes,9e56b08db605ed0acc9fe3a144cfef47385790d5a85f076d83d59d45c90b50eb,1e81869e81454fcb05c77d70ced1706e1d6182aef50efb09310db3517251e6e6,6992cd55927395d89d7c15a9fe93934e5e8e31c841370c9c304d1888c3e0386e,99d064ac7468131d90290fcf9a541be3a16e4646748fd9815d07bf35d6e4fa36,79911 119867 134835 134851 134883 159822 179801 202245 202253 202257 202261 202269
602,401,308224,256,307968,1577,902,673,673,1576,1,1,0,99.936588459,yes,yes,yes,yes,yes,yes,yes,1984ea02daa5b262393af6138f70de1e7a498b879c9295aaf6260243c7eff80e,0c9bf63001bb82517f86ecff57e9704499e6e8c87d643d773c399a032bc1c0b7,2b8395aea82164a0d4c9d0949db94fa0b2936899dcee46f2afb157096e4ac51f,2b8395aea82164a0d4c9d0949db94fa0b2936899dcee46f2afb157096e4ac51f,
611,407,312832,256,312576,9979,530,9447,9447,9978,1,1,0,99.989978956,yes,yes,yes,yes,yes,yes,yes,d3dd897768a0ccd7cfb6dfcff46a3585a87eedd72e8f06737c44eb8f78ec19d0,e3d4f06984b6a4e0b8d9e46ccd13815273d48862d55e16ff5b3a384839a35f77,2aee66f8f6aa7fcf6276dc5550b20c427a9504a873ce4117c53a47d556b4c272,2aee66f8f6aa7fcf6276dc5550b20c427a9504a873ce4117c53a47d556b4c272,
620,413,317440,256,317184,1849,212,1635,1635,1848,1,1,0,99.945916712,yes,yes,yes,yes,yes,yes,yes,1df1bc1e381bc0783240e30955f3c4698f468c670e1af9e4bf3dbbdecfb08d33,10be24c97cb00652a77689098efe2c1d74d22a67af85bcc6ed7a15f76efe9eac,8463a4986c1fbc30a1c05c28b64045a40435195b2d863ad2cb00c48fc2034ec7,8463a4986c1fbc30a1c05c28b64045a40435195b2d863ad2cb00c48fc2034ec7,
629,419,322048,256,321792,2419,1095,1322,1322,2418,1,1,0,99.958660604,yes,yes,yes,yes,yes,yes,yes,cb1a55b3a06fed3a7b738ab483026fa56ec5134cc0412dedd5025fada2b3d895,537800a9c057534c611385c07bebe46c122dd3d1c9c3731a65af4db60abe1ea8,9ed546e556b0da447432626d891d571ebe9e493ed3f96777a749a5330545946f,9ed546e556b0da447432626d891d571ebe9e493ed3f96777a749a5330545946f,
638,425,326656,256,326400,69517,502,69013,68979,69482,35,1,34,99.949652603,yes,yes,yes,yes,yes,yes,yes,013b8e5277290e9712034314e24bed7e9f30771d15502a80fc06b474e89fc743,7de29f24d6ca0090902674cdf7502b5ad7ac9011207e1f3ed3a349613efb704e,bd933d3531ebca5529c1d05039e31cf0fca574fdda82ca8cf5efd21523ca4b63,697a01c15bfdda770c7d2aece1a880a94e7a9e4d1e569059c553114699da6080,96759 145139 145155 193518 217629 217633 217665 217669 217677 217709 217733 290278
647,431,331264,256,331008,5615,91,5522,5522,5614,1,1,0,99.982190561,yes,yes,yes,yes,yes,yes,yes,03f5e043d3cd5865020557e40067957d595dde34a4286d8291e11d947487543f,81b648b4f3caad85e5853c15c699ed5c0a85640ab1497e51856362b4fef2d632,772012bdc2c56b075838d48fb9434e1f7aa0ef6dd6bae5fa3b04b086482d9fde,772012bdc2c56b075838d48fb9434e1f7aa0ef6dd6bae5fa3b04b086482d9fde,
656,437,335872,256,335616,1862,398,1462,1462,1861,1,1,0,99.946294307,yes,yes,yes,yes,yes,yes,yes,901b5a577ff404996892849c152d28e1fd3d21830ca0437634205f242600900f,6314a45e1e0e8778954ffa115076ca29d9ab0d9d83135f0cc27503278d4af79c,94fc82167f2f926190fb8af7b7c2c3a55c2503f5dfe49148ad12c27243699725,94fc82167f2f926190fb8af7b7c2c3a55c2503f5dfe49148ad12c27243699725,
665,443,340480,256,340224,3823,406,3415,3415,3822,1,1,0,99.973842532,yes,yes,yes,yes,yes,yes,yes,6229324bd3d44d0be406fe2b9cb1a927d62874c367e4e3e2ca652b32defda45c,c429051209f42e55d8f884438a92b80cbb1b25a311b6e6cf15dd37d6c9bc4bda,065ac4ce4549196468677383ec54ce619f8ed1d7f7c7bede94aa61ce2e8c1992,065ac4ce4549196468677383ec54ce619f8ed1d7f7c7bede94aa61ce2e8c1992,
674,449,345088,256,344832,7852,139,7711,7711,7851,1,1,0,99.987264391,yes,yes,yes,yes,yes,yes,yes,48f82ba14c19f996d6a917729c092817e55e24efa48a913840c2b3512404c663,7b9fcb9ed004a311c42d9593b46cae3fbf48e3ffdaf87717724a2577d1e0f3be,7f2fa723957e3ecf9e90d80d71c24ce350ca4ad32b8987237fe08376142d2769,7f2fa723957e3ecf9e90d80d71c24ce350ca4ad32b8987237fe08376142d2769,
683,455,349696,256,349440,2264,334,1928,1928,2263,1,1,0,99.955830389,yes,yes,yes,yes,yes,yes,yes,49521b2db8a0444e4c10a99dd6419164221a769b75e304ff97872434b00d9759,0d191dac1cd6d3da31d317dde38c3e17e5bfbd06f518c6e1d800d746b7729314,b3a03ba9ad763fc2e0ca0dc8befb006ea4c70fc746b3b1123295327b25d88c38,b3a03ba9ad763fc2e0ca0dc8befb006ea4c70fc746b3b1123295327b25d88c38,
692,461,354304,256,354048,12533,6297,6234,6234,12532,1,1,0,99.992021064,yes,yes,yes,yes,yes,yes,yes,1da87d38bb7e71b9d3a55b94c1e0b9bde43b9cca424c8fbf2878662456e65340,f8367e33bb806e0c64593cf246f34f8982d6596bc8da4378024c5cb199314994,dd03470eedbcdbf5bf9a0c88ca86d9d54babd760ccc19e135227d5c16d947417,dd03470eedbcdbf5bf9a0c88ca86d9d54babd760ccc19e135227d5c16d947417,
701,467,358912,256,358656,2196,245,1949,1949,2195,1,1,0,99.954462659,yes,yes,yes,yes,yes,yes,yes,786f9d1c02c13444968126e4434b728aa00e1085aee713df020b36c6614ff59f,bb9d1a17bd9a5c3fd0269820641ea7b0d7ae58d997ee9d8ec47d54febf4267ad,46fca9c2cb8de4636546dc2c903278570795f2e2a8045a40f6bf328214b0fc46,46fca9c2cb8de4636546dc2c903278570795f2e2a8045a40f6bf328214b0fc46,
710,473,363520,256,363264,1090,575,513,513,1089,1,1,0,99.908256881,yes,yes,yes,yes,yes,yes,yes,844a7c5798b832f6a0bda31cf6fe28ac9da4ac670447aee9d1519f12bae4c926,ad06222856b2c3d545a8f152f89bf3e91c7d3a960db8215348f8cf06169914b2,731844f25015ae434aeb8e22e1c685a36755ce616900a01deab0f149aadade2b,731844f25015ae434aeb8e22e1c685a36755ce616900a01deab0f149aadade2b,
719,479,368128,256,367872,79556,188,79366,79366,79555,1,1,0,99.998743024,yes,yes,yes,yes,yes,yes,yes,bfc0cc20a7327b433ada30021a10e89c3ab02622a0e5861767424e62e2b2b539,5e375de90158802670555ceea7fd19b1e295e9f833606c6aa269d2e9a8da5a59,c1b8e21e1e991d45c6649a47ff71cd96ad548a32fafd1a28207da363f91a912c,c1b8e21e1e991d45c6649a47ff71cd96ad548a32fafd1a28207da363f91a912c,
728,485,372736,256,372480,17205,146,17057,17052,17199,6,1,5,99.965126417,yes,yes,yes,yes,yes,yes,yes,4948a86f3ebc227eb1db34ce8999abdce4243a2076aae4bae0308cc5c1e9e30e,6546d55ddf6aa76bec7c07bb0ee9b387dec9e1deae7bc736e52eba86b5931138,2299d4e499389ee145f87d68e37be879c5ca572eacebf5be3ac070817c53974d,c4798ef068d05d33263269717b60859f91c3e482b600e73767360abbb4a6fb2f,165547 220729 248321 331094 372482
737,491,377344,256,377088,1433,174,1257,1257,1432,1,1,0,99.930216329,yes,yes,yes,yes,yes,yes,yes,9d90328603c88666d51aee24bc8a90de93cd9cd00916e4b320ed0da5e67a6451,f3b1f293c14faeb36f15265d607127c80c67c192dc6c4218683675705f0cffd6,6093d6d39dbf8ed6214fb4ec522a5e09c2bbdc482ff9460690acb274c5975cf0,6093d6d39dbf8ed6214fb4ec522a5e09c2bbdc482ff9460690acb274c5975cf0,
746,497,381952,256,381696,2856,181,2673,2673,2855,1,1,0,99.964985994,yes,yes,yes,yes,yes,yes,yes,97e47c7e8c52082c44a60b059eed9534a0427d9fc58549174af5993c6cb87c25,fe1139661bfe6d47fa23ef1c5213324b8f625eed0da8604ec02618173827d4b7,8c90b82d7ec2a43215f22ba2b82d30cb9c85cd4ca98461b9c0c454a219e3e05b,8c90b82d7ec2a43215f22ba2b82d30cb9c85cd4ca98461b9c0c454a219e3e05b,
755,503,386560,256,386304,3846,189,3655,3655,3845,1,1,0,99.973998960,yes,yes,yes,yes,yes,yes,yes,0000f2b1334654f200d43c4306786c33272b08b0675a8518861cfbfec57a79e8,7877d7cbd9b7fa60e61209ea5597141234bb31ed14b5b0944f953ca497a11bfb,2853fd183793bf4b855949fb71904ba16df64b9c4d50637bd80b923a3a4825e3,2853fd183793bf4b855949fb71904ba16df64b9c4d50637bd80b923a3a4825e3,
764,509,391168,256,390912,753,190,561,561,752,1,1,0,99.867197875,yes,yes,yes,yes,yes,yes,yes,1d667f85df4cb07320e60bd2da6d90e371284854cfe1cbe8b7a83e7d88013f7c,5e3d448ff4793d64a57f390e2843f2f053538c2c538758161993cebb5571b618,f60bd906d7e672d0441c4eb8a712a12774ddadb242cc8d91401f0e9d21a0d33f,f60bd906d7e672d0441c4eb8a712a12774ddadb242cc8d91401f0e9d21a0d33f,
773,515,395776,256,395520,4029,342,3685,3685,4028,1,1,0,99.975179945,yes,yes,yes,yes,yes,yes,yes,fac5ef79702fad3196a16761cde3c60ab8b2659d03113350282986528ea7fd77,dd2a6f4c8ca710f7783917d8fc9bf6e641359d31da4a6da401126b22ca9b6b45,5502fb632336e43fc64f8c7e1c9fa9bd6ecf01a438b1a3b9dd6a23504112b02d,5502fb632336e43fc64f8c7e1c9fa9bd6ecf01a438b1a3b9dd6a23504112b02d,
782,521,400384,256,400128,1003,105,896,896,1002,1,1,0,99.900299103,yes,yes,yes,yes,yes,yes,yes,5c4cf611d99d45887cc65265166099618a18c31b8add6bfaadd38ff34ad83bb0,db7b775b70ec522fac089794ac741c03e664d98127a78b6c68af19b5a111121f,899af154c8c610d047ebdb9643b9f997decea6d0ccaddfd3b6ea51d4794ee83a,899af154c8c610d047ebdb9643b9f997decea6d0ccaddfd3b6ea51d4794ee83a,
791,527,404992,256,404736,1620,431,1187,1187,1619,1,1,0,99.938271605,yes,yes,yes,yes,yes,yes,yes,61289474d6a744bbcc81012a39497a7ef708fa1fb409227ccce7e9798c399144,23c592c7431aded47b2bc722dd34fb86c276fc2adb0e3622b810220fcd6316ae,d821d868c0f429afce9ed71ec13078137fc222756a7bc26c14d9a5682d5dc696,d821d868c0f429afce9ed71ec13078137fc222756a7bc26c14d9a5682d5dc696,
800,533,409600,256,409344,5458,326,5130,5130,5457,1,1,0,99.981678270,yes,yes,yes,yes,yes,yes,yes,238405ff80e5b2bd1b33a83d84850640063242ab04179c8af3440cc4c9c30cbe,822f798b9626d5021c098157b0d66888911a93f9880a0cd8da62a5f5ea85f8e5,403eed02a4f85e64a816e367f7735ab10c3b7cd4698fc1f46e8657b4930bbb14,403eed02a4f85e64a816e367f7735ab10c3b7cd4698fc1f46e8657b4930bbb14,
809,539,414208,256,413952,6631,136,6493,6493,6630,1,1,0,99.984919318,yes,yes,yes,yes,yes,yes,yes,178ab0f3283bc18daba1a84b322b3b8c85fb8ef6a1e21a74abe5177daa60b765,522215ed6d3c4aecbd414104e6528337b2e4e67d437fa92fcf209b60552ea2e6,0545def696ea1f58817b7e2a55ae4ed3ab7161fe01ae08766f6613ee76ee9964,0545def696ea1f58817b7e2a55ae4ed3ab7161fe01ae08766f6613ee76ee9964,
818,545,418816,256,418560,4563,313,4248,4248,4562,1,1,0,99.978084593,yes,yes,yes,yes,yes,yes,yes,ca00b1cae263cc705b2d00fdf0812e11624944e729dca7e4f51a11f037e33d26,4273ca98c6c20197b770db5d9a1a63d2d9ff234c8a4b65419ea932d78634f9c0,68c164e0a20157d94070d80b44d03fd5af1b5bb4a943d61e2b7e6c30bc4b3e4a,68c164e0a20157d94070d80b44d03fd5af1b5bb4a943d61e2b7e6c30bc4b3e4a,
827,551,423424,256,423168,2997,95,2900,2900,2996,1,1,0,99.966633300,yes,yes,yes,yes,yes,yes,yes,c247e75fc473a6d0e49dc7d06b4eaeb86dbe0dc6195696fcdddeadaad121bda7,7617b1e4feb5c0e08fc9033df961664e5259aa937390926b7144818036de2f97,413a85dc93c2d2c1c3204eb4a3e712c219d9cb9abe7d738195e7d8d558008734,413a85dc93c2d2c1c3204eb4a3e712c219d9cb9abe7d738195e7d8d558008734,
836,557,428032,256,427776,6574,112,6460,6460,6573,1,1,0,99.984788561,yes,yes,yes,yes,yes,yes,yes,4dbd724f5ba6b8ab321e20fabbb02bc19146f886608b47864e11df0a6318e105,9f358415620699a4408e7d60d24a72d65073bc745b7f6452a082b55a83d0cc05,959578f6b67a04c1874bc91e903da558dea0ff25299f49a6c786edc593ada231,959578f6b67a04c1874bc91e903da558dea0ff25299f49a6c786edc593ada231,
845,563,432640,256,432384,1262,325,935,935,1261,1,1,0,99.920760697,yes,yes,yes,yes,yes,yes,yes,824350830e39356ca349aaed01df36a12866e303d34651b32c5a91104f69420b,797966e4fbb8ffb6be871518ff4ed6129e453e07912c428eb6aaddcb5ebeb343,5e5f5144d09a4a337534e54c8efc45b039473b75c51a48faf3ae0f15d685bb08,5e5f5144d09a4a337534e54c8efc45b039473b75c51a48faf3ae0f15d685bb08,
854,569,437248,256,436992,7006,390,6614,6614,7005,1,1,0,99.985726520,yes,yes,yes,yes,yes,yes,yes,3b2791b6d8c04134d8003bd973c4663dbdfe42a4a33cba74d4d20b43c426a4b7,4a5dc53c4aeab0d637caf79132912c27a7f2c699fdf66f06df13db113f6203fe,1749ca8280e316058b6cd45b371c413a69d28ec4cb0142dec14f732bd96dfbf8,1749ca8280e316058b6cd45b371c413a69d28ec4cb0142dec14f732bd96dfbf8,
863,575,441856,256,441600,1869,112,1755,1755,1868,1,1,0,99.946495452,yes,yes,yes,yes,yes,yes,yes,51f9c4a539909c8427e4c454e8dbf9d843a1a323466c53a6e0b73849d0c99ee0,7e46b43c1c9a33cfad08d41a9c9cc766d172789f36d08714e2725423a05683d1,8561f69a99c7fbeceb52646452796d4b59a79620a34507337c2e48bd19129a39,8561f69a99c7fbeceb52646452796d4b59a79620a34507337c2e48bd19129a39,
872,581,446464,256,446208,3658,385,3271,3271,3657,1,1,0,99.972662657,yes,yes,yes,yes,yes,yes,yes,b8e8ae0569d0a0827dcf3e524447969130469de5474301210a68d7df531c9288,02b4c485fc75967d8e66c5cff7d08518eebf899be9415bc969ca48b86cc3aa89,71bf9b60fef01eb5778d247aa6bd8468b08867082a9a6ecb42b5653061624f16,71bf9b60fef01eb5778d247aa6bd8468b08867082a9a6ecb42b5653061624f16,
881,587,451072,256,450816,8849,726,8121,8121,8848,1,1,0,99.988699288,yes,yes,yes,yes,yes,yes,yes,89f3f48b020074e5221e8cc1b30a3ad4d7892832a902c028da46e4c283fe0b1a,c3ab3f429d4e8d9f85f9de9788dd8c7dc59a90c87fea5e887fe1628634d32e73,a582dd6290cbf1fefb2a03b9c1dbc04e972039d9b33dca97b4e53cb960ee723a,a582dd6290cbf1fefb2a03b9c1dbc04e972039d9b33dca97b4e53cb960ee723a,
890,593,455680,256,455424,87707,91,87614,87606,87698,9,1,8,99.989738561,yes,yes,yes,yes,yes,yes,yes,82ff8f4eb4c50b22616fbae8b3812da4eb3830a912f4c414c24c3dbd9d74f77b,e05032b4e2aa243bc5224170d22c6e118b1093f9b34d0cfd5e10e40452e9130a,7f45eb0d62bdcdb433ef74c3fcc8d26b1f39ca8a83cbe2f6a680f3d49e34142e,6e7c277b6af008dc69f37fb0e38e210c6fa3c736c611d02f5faf65741f4d6068,303669 303709 455488 455504 455508 455560 455562 455564
899,599,460288,256,460032,1211,195,1014,1014,1210,1,1,0,99.917423617,yes,yes,yes,yes,yes,yes,yes,1eeb9b0d9e7a21bb0ae0bdc4a95a5ea443d6d16f00d83ff78f8cdd198a1658ea,3ff5d8bd06f65ab6e5cd6731dce54ceb79e3514d41103704e6b27e7446c11904,f1c4957047c85106359fbb814c9832908979935f30713e691fd4d6109a6ed8c2,f1c4957047c85106359fbb814c9832908979935f30713e691fd4d6109a6ed8c2,
908,605,464896,256,464640,4517,136,4379,4379,4516,1,1,0,99.977861412,yes,yes,yes,yes,yes,yes,yes,5e1fa3d73f7bac7fd0b39398a1da83c4527ede6d8a60fcca5f316fc0885b67e5,0409f77448ac118234721932f08dcc81b5b3cad36cec09d7357d04d383a26c5d,3f56e7db6e43532b1eed1a000fe4077893403da99dfa12806cd7e2eb539f9e52,3f56e7db6e43532b1eed1a000fe4077893403da99dfa12806cd7e2eb539f9e52,
917,611,469504,256,469248,14890,127,14761,14761,14889,1,1,0,99.993284083,yes,yes,yes,yes,yes,yes,yes,771492ad6df093ab91dccb0847c6f6b2921dd854f5eb7d76f4ae5faf5bbf62bd,316558135df9f9d70370dd774a21d9bb586319d86c5abc475c890cfd6510eaf2,86927256f94e69a73c1035705c1c636ceaa419f3ee0b9a9d3bd5edacf6b565c3,86927256f94e69a73c1035705c1c636ceaa419f3ee0b9a9d3bd5edacf6b565c3,
926,617,474112,256,473856,1354,617,735,735,1353,1,1,0,99.926144756,yes,yes,yes,yes,yes,yes,yes,19f9d4a57570f73f0184440024214e0cfbb53edfc7a6d9ef73531d31faf4dd5a,16ea678ee6e453231d70b0cc4fe2b129dc6ab4f4bb87a00dd80d0a5ecda3da9c,3256928c11449817b25d184b7ab687f4b48937db5930e7e3457f18b195bcc3aa,3256928c11449817b25d184b7ab687f4b48937db5930e7e3457f18b195bcc3aa,
935,623,478720,256,478464,5546,495,5049,5049,5545,1,1,0,99.981968987,yes,yes,yes,yes,yes,yes,yes,caf62d49b26872317b7bf510fcc81bd4ad7b4185eab7616c38d21451c45189d0,2c86b3d1a855e70393a563d093edfb2e4f4d128bf36701901cf9a76b93546ddf,674bd4613d7ec4ef2ad884ffee6c20ac014e2531e6a32fd2e36e607e9b9c1dca,674bd4613d7ec4ef2ad884ffee6c20ac014e2531e6a32fd2e36e607e9b9c1dca,
944,629,483328,256,483072,4123,428,3693,3693,4122,1,1,0,99.975745816,yes,yes,yes,yes,yes,yes,yes,efaa9a3c86adbd2725d6165ca6a6e30705a6e65a58117adf9cd33674f336a222,22292748df3ca69bd27f3fa4aa659959bb9cf3b2fca05b0a94292065102454c5,6114ebd15c45964ecfee327550c0ae34d7e8303f7dcc56c57fb3ae7d097f9eb3,6114ebd15c45964ecfee327550c0ae34d7e8303f7dcc56c57fb3ae7d097f9eb3,
953,635,487936,256,487680,1111,441,668,668,1110,1,1,0,99.909990999,yes,yes,yes,yes,yes,yes,yes,ea5e80667aa1e600925d2c8025f6aca58127bcfe9eacc582480f9d6dfad304d9,8b2fc6fbcf8115490e822a33323c7fb7199d165e938496012e1a7806eaaa78d4,7cd3a760524e5df93d6bd0be35224071a2ebc14e6c401c10c6351ee40d9ead88,7cd3a760524e5df93d6bd0be35224071a2ebc14e6c401c10c6351ee40d9ead88,
962,641,492544,256,492288,10161,128,10031,10031,10160,1,1,0,99.990158449,yes,yes,yes,yes,yes,yes,yes,59d9b5fc8708d2ed5cbd8e072a9b4ed2d62e2abc75347c5d34d26042b34c0685,c63681052aa9014656088b5b299540b6d96bfacf81427f682ac83395f7e9d986,28601f242ad23428535221a6f42a346eb6b15f15bff7dba0f85a6a49cad3afca,28601f242ad23428535221a6f42a346eb6b15f15bff7dba0f85a6a49cad3afca,
971,647,497152,256,496896,8238,144,8092,8091,8236,2,1,1,99.975722263,yes,yes,yes,yes,yes,yes,yes,a066d3b488d9e0484a967f91df4d553f1bf509ad3474c12dec638f613b80b281,7728acf15a9ce6231bf5ac12b4dec1bc2673623e14f523d962c4979fc17123b3,b0ac56fd054aeecaa1e20b44056142c51a5703ad89753d680cb283f4b644ad0d,4b5bee64b283a8ff7e60ad6ea68c76e24e71c45c2179856c1caa5395040eed28,497028
980,653,501760,256,501504,2641,232,2407,2407,2640,1,1,0,99.962135555,yes,yes,yes,yes,yes,yes,yes,d9f4019b8732982369d49a7303d394ba596d9a6d297109cd58eef83ab839efeb,53cde506412e1f0bdc4bee68aacdd8a3b8d74d60881eb4766ca900646e7dc319,cd49701858187150f450dd7e2458a004a5efc8c2d4f01604089112b2658e8eb1,cd49701858187150f450dd7e2458a004a5efc8c2d4f01604089112b2658e8eb1,
989,659,506368,256,506112,3850,102,3746,3746,3849,1,1,0,99.974025974,yes,yes,yes,yes,yes,yes,yes,9250e4ec1b682c1463e0299217d9e705789cd1a2074e4c8156174df2715fe2a4,c7d157e05d3b7d32834e665f675d1773dc60268dd7e7dee80845236d388ee14f,b49ad137fe1b9a5cd0bbfb288a6549146b25971cf672b138d1f2a5e4b8ebf299,b49ad137fe1b9a5cd0bbfb288a6549146b25971cf672b138d1f2a5e4b8ebf299,
998,665,510976,256,510720,5649,129,5518,5518,5648,1,1,0,99.982297752,yes,yes,yes,yes,yes,yes,yes,15190bcbd168f5859be3e0b75df90ffd63bb760fa1382f6d1617429ffcf1db52,f6079b9cdaaa6a67478da40407debbbbb779455898fa6c4ea86a6ee9681db3e4,42dec08c136969798d4c49da7392bdb11acb91cbd4455025229d318421e42dd7,42dec08c136969798d4c49da7392bdb11acb91cbd4455025229d318421e42dd7,
1007,671,515584,256,515328,711,192,517,517,710,1,1,0,99.859353024,yes,yes,yes,yes,yes,yes,yes,76b92d303e9d373442b5b2bc2df78f4fd705d103bca5f354faed4494d1a3d728,a5bb97d5f7166de0b38777936a3af4e93a0b1a7841ccb1a79aa76f3501b52039,63b415a17b8afeda877988c8d4900543468d9a581a110e85e598d11e07f11911,63b415a17b8afeda877988c8d4900543468d9a581a110e85e598d11e07f11911,
1016,677,520192,256,519936,2411,378,2031,2031,2410,1,1,0,99.958523434,yes,yes,yes,yes,yes,yes,yes,633b084a6224c9d1adbe3b33fa40927af875ebc112bcc50e65114f402a782564,307300c195790d4f5738183c1345b034b8f3d5d4c66f84e4fb21dca85fffa1f3,f93781c9150a15c9d125e0faa0d81b7619d9659593d8758fdd8905eb1d38f689,f93781c9150a15c9d125e0faa0d81b7619d9659593d8758fdd8905eb1d38f689,
1025,683,524800,256,524544,3443,191,3250,3250,3442,1,1,0,99.970955562,yes,yes,yes,yes,yes,yes,yes,7a94d186f2cd891e87d5080dc6b6e5a0db13f228af115dd081c735c3a50dce35,a79284ff3452522578c2625a0e48ead4b762f7b5b8d6a5dc452768d0bcde82d4,23b2e7eeb8ed627744e17351373dc87bd8a444837f7b44d9ce8eac20de4f7dc6,23b2e7eeb8ed627744e17351373dc87bd8a444837f7b44d9ce8eac20de4f7dc6,
1034,689,529408,256,529152,3431,380,3049,3049,3430,1,1,0,99.970853978,yes,yes,yes,yes,yes,yes,yes,0ac595e3211a9d45df69979f453ef853e0b521edf940f99943bd278c1232b6ef,2d17ff201dd4e7bf5cf61eb561f82d5b329aef774a152ffac0917a12ac55dfb3,154b85716535b8985274c99bc75e0c2f9539b9faf8cd5a664c431409f41688a5,154b85716535b8985274c99bc75e0c2f9539b9faf8cd5a664c431409f41688a5,
1043,695,534016,256,533760,8073,317,7754,7754,8072,1,1,0,99.987613031,yes,yes,yes,yes,yes,yes,yes,8809799bec5d943da3a7b1b580d4d1a8c1d0ff5b48a6a57982862102c2eacd0a,bf3bc9fca51908523c3cebb6bd90bd8351352501b1e9972140fa68182fe29e6b,63d8ea1348688f0f2b98077f7a636c9fc425fae7bd102117e30adce87ad85e8a,63d8ea1348688f0f2b98077f7a636c9fc425fae7bd102117e30adce87ad85e8a,
1052,701,538624,256,538368,3348,144,3202,3202,3347,1,1,0,99.970131422,yes,yes,yes,yes,yes,yes,yes,c0ffe7991b67bfac825b6cb446747930aab93850a23e27f0f100708e4de7cc46,d70f96ac8f6b25daf65096117e518cb3f1d6963f39e01384696f482e05856321,3b72a6daa832f3a2615892f7b140a6d76d126902b57e227ba65c8228707b7cea,3b72a6daa832f3a2615892f7b140a6d76d126902b57e227ba65c8228707b7cea,
1061,707,543232,256,542976,1611,198,1411,1411,1610,1,1,0,99.937926754,yes,yes,yes,yes,yes,yes,yes,0357704ab42f6c16f20b31f1edc1fb12b7d6d7f665cf56e7c12920b731545e4c,17b0ff9202b849571e78b8205529cbafd91f01f9760838cee8a0dac563a646f9,78fb3ba6063d025df9de346335094b5983f3d5cdb20e0f71cc644a047ab9bee1,78fb3ba6063d025df9de346335094b5983f3d5cdb20e0f71cc644a047ab9bee1,
1070,713,547840,256,547584,3416,369,3045,3045,3415,1,1,0,99.970725995,yes,yes,yes,yes,yes,yes,yes,dbadb363265143174aa9311cb74a9bc03c1eeed412897c9eab10faa338e885e0,2ca158f416d211736215845af417fad1100e8605cce4cea12d26564d1d781e8a,bf96bdb375c8137288e246ad916f395bb417fa64ff47c2ba84b48c4a9f187d41,bf96bdb375c8137288e246ad916f395bb417fa64ff47c2ba84b48c4a9f187d41,
1079,719,552448,256,552192,118638,93,118543,118512,118606,32,1,31,99.973027192,yes,yes,yes,yes,yes,yes,yes,bd0007189d9e15b748f98b0fec967714515df5acafc43817a28194805c127001,ea6be2799bf52b2f61d987d4f86bae65428e64639db8c7222bd737cb16a69720,98f39f9a8b0ff294bcaf19cc416038c42e21800cfe323c404732315143bd75da,4e80ab1bf011f05ba5367bd1fb3c080c82c4e29e3af8e09f78fd686e5cf7526a,163671 245475 245507 327342 368213 368221 368229 368241 368261 368269 490950 491014
1088,725,557056,256,556800,1036,356,678,678,1035,1,1,0,99.903474903,yes,yes,yes,yes,yes,yes,yes,b12a2a54616c1580c6ccaf4f0849f223698924be58c39ccd97638b774e40cc7a,b5f0f20a7e4aa8b7968d796c5260d08ceaac30904e7fa515020714bbda0514bf,8254a89e4340a6811c69621700e0feffb866905e6988e287ec9d9ad4a9d0eadc,8254a89e4340a6811c69621700e0feffb866905e6988e287ec9d9ad4a9d0eadc,
1097,731,561664,256,561408,4861,142,4717,4717,4860,1,1,0,99.979428101,yes,yes,yes,yes,yes,yes,yes,9d4a55b1f0ccb498402ef30fd1b2ca435e449ba00ffdfde91a8657335ea7be32,f03cf9f49bb79e74abc34fc3b2282ddc84e331894420364ce7320368e7dd7e3e,6eaee44b80b381babf04fcb446b5a02d378477254b68bbd0ea716b339dbff246,6eaee44b80b381babf04fcb446b5a02d378477254b68bbd0ea716b339dbff246,
1106,737,566272,256,566016,2254,146,2106,2106,2253,1,1,0,99.955634428,yes,yes,yes,yes,yes,yes,yes,8f5e78292cd3fc04dc2805692241eca8d839645cbe6abfb31b8ffe0c7006ae4c,fc8be19d59f4be7d7b01ec27e71dd64663f702082a6d8f8f4b7fce0757a07ac4,6c0dfc1ede3c5d2c42863024a58d3fdee1631c70de3b3868dfd4aa80e73d9a23,6c0dfc1ede3c5d2c42863024a58d3fdee1631c70de3b3868dfd4aa80e73d9a23,
1115,743,570880,256,570624,1565,448,1115,1115,1564,1,1,0,99.936102236,yes,yes,yes,yes,yes,yes,yes,88a56b78d28dbb2ff85b39767c7660358691af99fa5e4c19eac2181e39a0d895,214c74f0c87cdfe9beea0cb6a338c466843eb8da90f30b44621443a36c9ecc77,3214a779b2f4f6bb75b60c0ecc6d938cdae10dc0c6de1fcae9b0d79205d89b4b,3214a779b2f4f6bb75b60c0ecc6d938cdae10dc0c6de1fcae9b0d79205d89b4b,
1124,749,575488,256,575232,7563,195,7366,7366,7562,1,1,0,99.986777734,yes,yes,yes,yes,yes,yes,yes,bb7f2b97d80ada47ad9aa67963190fbad27c64a5fec18fd3bd993f39929f8740,69a47ca83adcad69190784197028f637ec2346ade42492012a9080310e13c407,701cd1aef6d10de5e863de2619bf5718e72a6fdfe4a4a6e9bb6dbda0fe84eae2,701cd1aef6d10de5e863de2619bf5718e72a6fdfe4a4a6e9bb6dbda0fe84eae2,
1133,755,580096,256,579840,5564,122,5440,5440,5563,1,1,0,99.982027318,yes,yes,yes,yes,yes,yes,yes,3027d2c46bdeb5b74c1567c2020f0d7b449ec24570b54b053e00853e92fdf6df,232b22aa351e3cf01ffa9e6c3f3f8fb77fe9c07aa417ca2e6b955257a8fb8465,fe231573ea86ef614f490ad6f717fd163cfdfa37b47cbc979a8b71675eef7b95,fe231573ea86ef614f490ad6f717fd163cfdfa37b47cbc979a8b71675eef7b95,
1142,761,584704,256,584448,1249,214,1033,1033,1248,1,1,0,99.919935949,yes,yes,yes,yes,yes,yes,yes,eafc8cf32b49be6f613ee003c0ed3164ad160b84325e820e6f35310a79aad9c5,be68fbe69566a90008f465f5f012c6dd90072e1e550f01f1203aee2f7f8436c1,5e6c41e7d9cc016ce8989529ff7e47c2f79011383d64ae1660d9d014f1b81091,5e6c41e7d9cc016ce8989529ff7e47c2f79011383d64ae1660d9d014f1b81091,
1151,767,589312,256,589056,9305,92,9211,9211,9304,1,1,0,99.989253090,yes,yes,yes,yes,yes,yes,yes,84de37af11ae1ed5183b40e6e9dd7e4160a91f8678a167f0ef330b71ec03d40e,0a5f6f7a2cd8b5fc0b125ecd7a0f9569451ee9e22efbd6f5327baba7c4c856e2,531de744ed2a96e4d849ca81eb1f5f5b5dddd5fb5541af7ddde2cddb8c26a096,531de744ed2a96e4d849ca81eb1f5f5b5dddd5fb5541af7ddde2cddb8c26a096,
1160,773,593920,256,593664,6595,382,6211,6211,6594,1,1,0,99.984836998,yes,yes,yes,yes,yes,yes,yes,f5b1d177653ed14e994ddd3b7fe40c6249b3003d0247c007f3ac3c6ff239a313,012b2bab257e56e7776acde58744e1807d0472899089300686e56c54cea02c9d,6a6bb5da6b7463f6a791a34aa01580fab788f1b42540b2ce23080a9f93b81d9f,6a6bb5da6b7463f6a791a34aa01580fab788f1b42540b2ce23080a9f93b81d9f,
1169,779,598528,256,598272,1123,489,632,632,1122,1,1,0,99.910952805,yes,yes,yes,yes,yes,yes,yes,903443a34751115234058d3c30900cd8aa0cd39a3218ad1db3e50f9d6fede06e,b0f62d8dc8d5fb1569f000c7192e91c8218703887ea0ee8f1652054fcf0f8543,6a652342dade40e08d8b0236aea4cd3e1aca409676ca25d2ea2792e65ea6e888,6a652342dade40e08d8b0236aea4cd3e1aca409676ca25d2ea2792e65ea6e888,
1178,785,603136,256,602880,3016,287,2727,2727,3015,1,1,0,99.966843501,yes,yes,yes,yes,yes,yes,yes,549af9a4a03ec9c3b0ff16a91695f900bd950f1fdd30d98e975ca6579f33f560,c1d6dac3ed56b7f7506fd77612f4293917254f3ac51579cde4da0b27848caa53,c90006a787fb401910dd619bdc9d29c6e16bb841eabec531ae9571cdf1338254,c90006a787fb401910dd619bdc9d29c6e16bb841eabec531ae9571cdf1338254,
1187,791,607744,256,607488,2615,150,2463,2463,2614,1,1,0,99.961759082,yes,yes,yes,yes,yes,yes,yes,b8410bf1ff86810c21d08cd0f63f348084394e3700feee5bc2cd176c04a66be9,5b4640b712c1d73c42f364279c2fcb17252085dc2bf23cc49c3996d1a267b760,5d1465df379b48affb4779094c9f160f39c6cfcee675b24849a387ec9632f0d6,5d1465df379b48affb4779094c9f160f39c6cfcee675b24849a387ec9632f0d6,
1196,797,612352,256,612096,4188,1070,3116,3116,4187,1,1,0,99.976122254,yes,yes,yes,yes,yes,yes,yes,29e4560e567505c18a02ec15b8cca034124b66a4b4e17563b501263c0bad0c21,dcd05e654c1a3c8442ad4e305a7e0fa2730c47068edc9740cb44066815bb15d8,f85190a7a78af541fd6dc215ca25f50468d8e300e5ba70d46ef0905aae4da628,f85190a7a78af541fd6dc215ca25f50468d8e300e5ba70d46ef0905aae4da628,
